year,climate_zone,continent,mean_temp_C,mean_pr_mm_day,mean_spi
1850,Polar,Antarctica,-32.4931,0.5868,-0.0714
1850,Polar,Asia,-17.4769,0.4317,-0.3716
1850,Polar,Europe,-6.3608,1.537,-0.8082
1850,Polar,North America,-18.2287,0.636,-0.292
1850,Polar,Ocean / Unclassified,-19.2264,0.3138,-0.5259
1850,Temperate,Africa,19.6275,1.4715,0.3812
1850,Temperate,Antarctica,-2.5637,2.4071,0.3672
1850,Temperate,Asia,4.5573,1.8148,-0.1615
1850,Temperate,Australia-Oceania,15.907,1.8679,-0.3375
1850,Temperate,Europe,7.015,3.2477,-0.1641
1850,Temperate,North America,7.0093,3.1711,0.0361
1850,Temperate,Ocean / Unclassified,11.3425,2.5134,-0.041
1850,Temperate,South America,12.492,2.632,-0.6259
1850,Tropical,Africa,26.1273,1.9924,-0.1506
1850,Tropical,Asia,26.5949,6.3717,0.2286
1850,Tropical,Australia-Oceania,26.1981,4.535,-0.1011
1850,Tropical,North America,24.7239,3.0677,-0.0012
1850,Tropical,Ocean / Unclassified,25.7555,4.6502,-0.063
1850,Tropical,South America,25.1441,5.3848,0.1098
1851,Polar,Antarctica,-31.9789,0.7346,-0.2144
1851,Polar,Asia,-16.3183,0.8293,-0.2335
1851,Polar,Europe,-6.2336,1.6273,-0.5273
1851,Polar,North America,-18.907,0.7771,-0.4776
1851,Polar,Ocean / Unclassified,-19.1504,0.5029,-0.7653
1851,Temperate,Africa,19.3349,1.4467,0.0029
1851,Temperate,Antarctica,-2.703,2.3671,0.2867
1851,Temperate,Asia,4.7995,2.3351,-0.1717
1851,Temperate,Australia-Oceania,16.377,2.0942,-0.2599
1851,Temperate,Europe,7.9493,2.2846,-0.2286
1851,Temperate,North America,6.796,2.6848,0.1532
1851,Temperate,Ocean / Unclassified,11.3391,2.9567,-0.1804
1851,Temperate,South America,12.2937,2.5003,-0.1223
1851,Tropical,Africa,25.959,2.1437,-0.1873
1851,Tropical,Asia,26.7919,5.3185,0.1144
1851,Tropical,Australia-Oceania,26.2533,5.4023,-0.1216
1851,Tropical,North America,24.6806,3.1201,0.0709
1851,Tropical,Ocean / Unclassified,25.7486,4.2513,-0.014
1851,Tropical,South America,25.0693,4.1487,0.2453
1852,Polar,Antarctica,-32.3596,0.7743,0.3509
1852,Polar,Asia,-16.8525,0.9091,0.1513
1852,Polar,Europe,-5.4305,1.7784,-0.5066
1852,Polar,North America,-18.355,0.8182,0.1282
1852,Polar,Ocean / Unclassified,-19.219,0.512,-0.9355
1852,Temperate,Africa,19.6331,1.5733,-0.0023
1852,Temperate,Antarctica,-2.3773,2.3689,-0.3777
1852,Temperate,Asia,5.3209,2.3233,-0.1523
1852,Temperate,Australia-Oceania,16.3001,1.8981,-0.3851
1852,Temperate,Europe,8.2605,2.2902,-0.0588
1852,Temperate,North America,6.855,2.654,0.1364
1852,Temperate,Ocean / Unclassified,11.336,2.9376,-0.0198
1852,Temperate,South America,12.0964,2.497,0.3396
1852,Tropical,Africa,26.2334,2.155,0.1283
1852,Tropical,Asia,26.8636,4.9993,-0.2499
1852,Tropical,Australia-Oceania,26.2932,5.4956,-0.1897
1852,Tropical,North America,24.7075,2.7293,-0.0356
1852,Tropical,Ocean / Unclassified,26.1387,4.5967,-0.1029
1852,Tropical,South America,25.7185,4.016,-0.0521
1853,Polar,Antarctica,-31.784,0.7742,0.4987
1853,Polar,Asia,-16.6755,0.8448,0.2785
1853,Polar,Europe,-6.7505,1.6293,0.18
1853,Polar,North America,-18.1707,0.7662,-0.4705
1853,Polar,Ocean / Unclassified,-19.0824,0.5564,-0.4732
1853,Temperate,Africa,19.7016,1.5043,0.2381
1853,Temperate,Antarctica,-2.485,2.3339,-0.1073
1853,Temperate,Asia,5.3323,2.2843,-0.1607
1853,Temperate,Australia-Oceania,16.0974,1.9631,-0.7577
1853,Temperate,Europe,7.8054,2.4002,-0.1699
1853,Temperate,North America,7.0024,2.6726,0.0238
1853,Temperate,Ocean / Unclassified,11.3194,2.9651,-0.0037
1853,Temperate,South America,12.2107,2.4884,0.2025
1853,Tropical,Africa,26.3358,2.1513,0.1651
1853,Tropical,Asia,26.9351,5.2187,-0.2005
1853,Tropical,Australia-Oceania,26.2246,5.2873,-0.1908
1853,Tropical,North America,24.6609,2.5068,-0.379
1853,Tropical,Ocean / Unclassified,25.9956,4.5921,-0.0998
1853,Tropical,South America,25.555,4.1622,0.0719
1854,Polar,Antarctica,-32.7321,0.7128,0.0033
1854,Polar,Asia,-19.0503,0.8289,-0.0701
1854,Polar,Europe,-8.7049,1.5263,-1.2075
1854,Polar,North America,-18.5918,0.7913,0.1536
1854,Polar,Ocean / Unclassified,-20.5179,0.519,0.0536
1854,Temperate,Africa,19.5396,1.4421,-0.15
1854,Temperate,Antarctica,-2.5913,2.357,-0.4708
1854,Temperate,Asia,4.8017,2.3032,-0.131
1854,Temperate,Australia-Oceania,15.98,2.2431,-0.1473
1854,Temperate,Europe,6.7788,2.305,0.0608
1854,Temperate,North America,6.6791,2.5337,-0.1011
1854,Temperate,Ocean / Unclassified,11.3128,2.94,0.0684
1854,Temperate,South America,12.1339,2.2601,-0.1253
1854,Tropical,Africa,25.9677,2.3463,0.1515
1854,Tropical,Asia,26.6861,5.4881,0.3066
1854,Tropical,Australia-Oceania,26.247,5.3845,0.0263
1854,Tropical,North America,24.6419,3.4409,-0.0975
1854,Tropical,Ocean / Unclassified,25.3599,4.1852,-0.0717
1854,Tropical,South America,24.7211,4.2355,0.236
1855,Polar,Antarctica,-31.9641,0.7175,-0.317
1855,Polar,Asia,-17.1137,0.9404,0.5893
1855,Polar,Europe,-7.5103,1.9802,0.536
1855,Polar,North America,-19.3091,0.8505,0.424
1855,Polar,Ocean / Unclassified,-20.7122,0.528,0.2205
1855,Temperate,Africa,19.3202,1.5296,-0.2206
1855,Temperate,Antarctica,-2.5872,2.355,-0.1332
1855,Temperate,Asia,5.3959,2.2259,-0.3805
1855,Temperate,Australia-Oceania,16.0008,2.1447,0.1976
1855,Temperate,Europe,8.3746,2.4141,0.1204
1855,Temperate,North America,6.8554,2.6377,-0.107
1855,Temperate,Ocean / Unclassified,11.4112,2.9726,-0.0996
1855,Temperate,South America,12.276,2.4069,-0.0786
1855,Tropical,Africa,25.814,2.1005,0.2635
1855,Tropical,Asia,26.3643,5.4869,0.3286
1855,Tropical,Australia-Oceania,25.8036,5.4748,0.4125
1855,Tropical,North America,24.6911,3.3903,0.401
1855,Tropical,Ocean / Unclassified,25.463,4.0082,-0.156
1855,Tropical,South America,24.7199,4.1157,0.2256
1856,Polar,Antarctica,-31.9456,0.7201,0.2226
1856,Polar,Asia,-16.4803,0.9121,0.3069
1856,Polar,Europe,-4.5512,1.9411,1.0892
1856,Polar,North America,-18.0977,0.7998,0.3017
1856,Polar,Ocean / Unclassified,-19.1516,0.5803,-0.0662
1856,Temperate,Africa,19.5022,1.5855,0.2348
1856,Temperate,Antarctica,-2.6859,2.3596,-0.3157
1856,Temperate,Asia,5.0177,2.3152,-0.2419
1856,Temperate,Australia-Oceania,16.1196,2.0367,-0.3725
1856,Temperate,Europe,8.5921,2.3889,0.0915
1856,Temperate,North America,7.139,2.6221,-0.0583
1856,Temperate,Ocean / Unclassified,11.4516,2.9949,0.0433
1856,Temperate,South America,12.1468,2.6374,0.3847
1856,Tropical,Africa,26.0987,2.1163,0.0164
1856,Tropical,Asia,26.797,4.9513,-0.1543
1856,Tropical,Australia-Oceania,26.1059,4.8888,-0.2576
1856,Tropical,North America,24.6608,2.8262,0.0998
1856,Tropical,Ocean / Unclassified,26.1453,4.9091,-0.1797
1856,Tropical,South America,25.6543,3.9104,0.0823
1857,Polar,Antarctica,-32.2775,0.7312,-0.2432
1857,Polar,Asia,-17.0524,0.835,0.0676
1857,Polar,Europe,-6.3349,1.7248,0.2288
1857,Polar,North America,-17.3301,0.8113,0.143
1857,Polar,Ocean / Unclassified,-19.4921,0.533,0.013
1857,Temperate,Africa,19.7298,1.5372,0.2257
1857,Temperate,Antarctica,-2.7315,2.4075,-0.1971
1857,Temperate,Asia,5.604,2.4327,0.2147
1857,Temperate,Australia-Oceania,16.1181,2.2392,0.1833
1857,Temperate,Europe,8.0435,2.5518,0.544
1857,Temperate,North America,6.9282,2.6119,-0.0524
1857,Temperate,Ocean / Unclassified,11.2521,2.8973,0.1607
1857,Temperate,South America,12.4134,2.4816,0.3765
1857,Tropical,Africa,26.4537,1.9941,0.1398
1857,Tropical,Asia,26.9562,4.8407,-0.2691
1857,Tropical,Australia-Oceania,26.4802,5.0538,-0.4155
1857,Tropical,North America,24.5422,2.5083,-0.3688
1857,Tropical,Ocean / Unclassified,26.2269,5.0384,0.1404
1857,Tropical,South America,26.1732,4.0455,-0.3459
1858,Polar,Antarctica,-31.9511,0.7406,-0.0285
1858,Polar,Asia,-15.9348,0.8895,0.2109
1858,Polar,Europe,-4.4783,1.9264,0.9074
1858,Polar,North America,-17.1919,0.8232,0.1784
1858,Polar,Ocean / Unclassified,-17.981,0.6109,0.3913
1858,Temperate,Africa,19.4816,1.6281,0.0977
1858,Temperate,Antarctica,-2.7303,2.3428,-0.0198
1858,Temperate,Asia,5.225,2.2995,-0.038
1858,Temperate,Australia-Oceania,16.0358,2.1451,0.1415
1858,Temperate,Europe,7.9641,2.2617,0.2768
1858,Temperate,North America,7.1148,2.6437,0.0651
1858,Temperate,Ocean / Unclassified,11.2356,2.9075,-0.1701
1858,Temperate,South America,12.6605,2.4149,-0.0212
1858,Tropical,Africa,26.3378,2.1287,-0.2729
1858,Tropical,Asia,26.8287,5.1957,-0.1314
1858,Tropical,Australia-Oceania,26.4235,5.3161,-0.1176
1858,Tropical,North America,24.6184,3.2038,0.0376
1858,Tropical,Ocean / Unclassified,25.9592,4.4568,0.1324
1858,Tropical,South America,25.579,4.0451,-0.1991
1859,Polar,Antarctica,-32.9175,0.6885,-0.0839
1859,Polar,Asia,-16.2651,0.8074,-0.1962
1859,Polar,Europe,-4.1705,1.6924,0.2231
1859,Polar,North America,-18.2531,0.849,0.4231
1859,Polar,Ocean / Unclassified,-18.4334,0.6152,1.0286
1859,Temperate,Africa,19.5237,1.4251,0.045
1859,Temperate,Antarctica,-3.1009,2.4975,-0.0162
1859,Temperate,Asia,4.8786,2.3847,-0.2024
1859,Temperate,Australia-Oceania,15.8033,2.2893,0.0378
1859,Temperate,Europe,8.0506,2.2625,-0.5336
1859,Temperate,North America,7.0786,2.5557,-0.1427
1859,Temperate,Ocean / Unclassified,11.4149,2.9184,0.0081
1859,Temperate,South America,12.4638,2.2995,-0.0362
1859,Tropical,Africa,26.0043,1.9762,-0.2232
1859,Tropical,Asia,26.7556,5.1567,0.0037
1859,Tropical,Australia-Oceania,26.2125,5.6154,0.1225
1859,Tropical,North America,24.3415,2.967,0.0562
1859,Tropical,Ocean / Unclassified,25.3419,4.428,0.0451
1859,Tropical,South America,24.8123,4.3913,0.3056
1860,Polar,Antarctica,-33.287,0.6868,-0.7199
1860,Polar,Asia,-16.9756,0.8529,0.0442
1860,Polar,Europe,-5.9188,1.7416,0.0278
1860,Polar,North America,-18.4365,0.8066,0.395
1860,Polar,Ocean / Unclassified,-19.8504,0.5649,0.1707
1860,Temperate,Africa,19.7102,1.4509,-0.2375
1860,Temperate,Antarctica,-2.8542,2.4452,0.535
1860,Temperate,Asia,5.0757,2.342,0.0618
1860,Temperate,Australia-Oceania,15.9442,2.4267,0.6983
1860,Temperate,Europe,8.0411,2.3701,-0.0761
1860,Temperate,North America,6.8813,2.5996,-0.158
1860,Temperate,Ocean / Unclassified,11.4021,2.932,-0.177
1860,Temperate,South America,12.215,2.3421,-0.1214
1860,Tropical,Africa,25.4077,2.0283,-0.2347
1860,Tropical,Asia,26.2319,5.3886,0.2109
1860,Tropical,Australia-Oceania,25.7737,5.2808,0.4938
1860,Tropical,North America,24.3714,3.7857,0.4391
1860,Tropical,Ocean / Unclassified,24.9252,4.0399,-0.0372
1860,Tropical,South America,24.1675,4.3572,0.643
1861,Polar,Antarctica,-32.8621,0.7285,-0.6209
1861,Polar,Asia,-15.9934,0.9366,0.7016
1861,Polar,Europe,-5.2743,1.7568,0.0456
1861,Polar,North America,-19.1298,0.78,0.108
1861,Polar,Ocean / Unclassified,-19.7196,0.5211,-0.4533
1861,Temperate,Africa,19.7062,1.4947,0.1058
1861,Temperate,Antarctica,-2.6367,2.3673,0.1438
1861,Temperate,Asia,5.4094,2.2102,-0.1955
1861,Temperate,Australia-Oceania,16.1287,2.1446,0.3547
1861,Temperate,Europe,7.9117,2.3956,0.1787
1861,Temperate,North America,6.6626,2.6814,-0.0136
1861,Temperate,Ocean / Unclassified,11.3901,2.9676,-0.177
1861,Temperate,South America,11.8044,2.3466,-0.3474
1861,Tropical,Africa,25.8259,2.0706,-0.0939
1861,Tropical,Asia,26.3632,4.8901,-0.1585
1861,Tropical,Australia-Oceania,25.9174,5.6979,0.5209
1861,Tropical,North America,24.6494,3.3007,0.7388
1861,Tropical,Ocean / Unclassified,25.7255,4.3733,-0.121
1861,Tropical,South America,24.8732,4.0894,0.2194
1862,Polar,Antarctica,-32.8466,0.6802,-0.5417
1862,Polar,Asia,-16.606,0.8694,0.2514
1862,Polar,Europe,-6.1386,1.7654,-0.3582
1862,Polar,North America,-15.7849,0.7983,0.0214
1862,Polar,Ocean / Unclassified,-18.2436,0.5526,-0.5255
1862,Temperate,Africa,19.4311,1.6391,0.2104
1862,Temperate,Antarctica,-2.6387,2.3439,-0.2849
1862,Temperate,Asia,5.1249,2.3389,-0.2255
1862,Temperate,Australia-Oceania,16.0432,2.1502,0.0119
1862,Temperate,Europe,7.4041,2.4276,0.2936
1862,Temperate,North America,7.2674,2.694,0.0666
1862,Temperate,Ocean / Unclassified,11.2587,2.9161,0.0792
1862,Temperate,South America,11.8333,2.5669,-0.1778
1862,Tropical,Africa,26.342,2.1059,-0.059
1862,Tropical,Asia,26.9669,4.5777,-0.5824
1862,Tropical,Australia-Oceania,26.3191,5.2893,-0.1159
1862,Tropical,North America,24.5125,2.4351,-0.2388
1862,Tropical,Ocean / Unclassified,26.2895,4.9772,0.0391
1862,Tropical,South America,26.3391,3.739,-0.5169
1863,Polar,Antarctica,-32.4149,0.7492,-0.3411
1863,Polar,Asia,-16.7593,0.8841,0.3402
1863,Polar,Europe,-5.6987,1.8457,0.5782
1863,Polar,North America,-18.6162,0.8063,0.4082
1863,Polar,Ocean / Unclassified,-19.2022,0.5589,0.2864
1863,Temperate,Africa,19.4867,1.4318,0.2803
1863,Temperate,Antarctica,-2.6804,2.3884,-0.18
1863,Temperate,Asia,5.4807,2.3939,-0.0881
1863,Temperate,Australia-Oceania,16.1917,2.2278,0.0726
1863,Temperate,Europe,8.0313,2.4166,0.4767
1863,Temperate,North America,7.2658,2.5262,-0.0284
1863,Temperate,Ocean / Unclassified,11.2713,2.8861,-0.1039
1863,Temperate,South America,12.2054,2.3912,0.1875
1863,Tropical,Africa,26.2357,2.1213,0.2333
1863,Tropical,Asia,27.0469,5.225,-0.2997
1863,Tropical,Australia-Oceania,26.2396,5.3292,-0.1306
1863,Tropical,North America,24.3025,2.7944,-0.0784
1863,Tropical,Ocean / Unclassified,25.7632,4.562,0.0343
1863,Tropical,South America,25.42,4.5041,0.1509
1864,Polar,Antarctica,-32.4868,0.7104,-0.1677
1864,Polar,Asia,-16.869,0.8525,0.0858
1864,Polar,Europe,-7.5827,1.7181,0.4072
1864,Polar,North America,-19.4512,0.8354,0.0234
1864,Polar,Ocean / Unclassified,-20.4591,0.5273,-0.3195
1864,Temperate,Africa,19.3633,1.3821,-0.4674
1864,Temperate,Antarctica,-2.777,2.399,-0.2557
1864,Temperate,Asia,5.4566,2.3791,-0.0552
1864,Temperate,Australia-Oceania,15.871,2.3413,0.5416
1864,Temperate,Europe,7.3438,2.1818,-0.2094
1864,Temperate,North America,6.7962,2.5401,-0.0613
1864,Temperate,Ocean / Unclassified,11.3329,2.9398,-0.1908
1864,Temperate,South America,12.3828,2.2704,-0.2921
1864,Tropical,Africa,25.5375,2.1937,0.0459
1864,Tropical,Asia,26.4096,5.5005,0.5368
1864,Tropical,Australia-Oceania,25.7948,5.02,0.259
1864,Tropical,North America,24.4907,3.6641,0.4021
1864,Tropical,Ocean / Unclassified,25.0637,4.1523,-0.0322
1864,Tropical,South America,24.3588,4.3135,0.6223
1865,Polar,Antarctica,-32.4231,0.7175,-0.4219
1865,Polar,Asia,-16.4782,0.8026,-0.279
1865,Polar,Europe,-6.8838,1.5922,-0.3291
1865,Polar,North America,-17.828,0.7292,-0.0722
1865,Polar,Ocean / Unclassified,-19.4812,0.541,-0.0631
1865,Temperate,Africa,19.3864,1.4463,-0.3387
1865,Temperate,Antarctica,-2.9961,2.4066,0.0474
1865,Temperate,Asia,4.865,2.2359,-0.1906
1865,Temperate,Australia-Oceania,16.0944,2.2603,0.4669
1865,Temperate,Europe,7.5034,2.3949,-0.4351
1865,Temperate,North America,6.8733,2.6779,0.0029
1865,Temperate,Ocean / Unclassified,11.3295,2.9564,-0.1458
1865,Temperate,South America,12.0759,2.3159,-0.5079
1865,Tropical,Africa,25.7785,2.2005,0.303
1865,Tropical,Asia,26.4613,5.3283,0.1708
1865,Tropical,Australia-Oceania,26.0108,5.4196,0.2698
1865,Tropical,North America,24.5029,3.2111,0.3101
1865,Tropical,Ocean / Unclassified,25.4171,4.161,0.0888
1865,Tropical,South America,24.6838,4.1392,0.3029
1866,Polar,Antarctica,-31.8139,0.735,0.0892
1866,Polar,Asia,-15.6909,0.8634,-0.3739
1866,Polar,Europe,-7.1651,1.5598,-1.1871
1866,Polar,North America,-17.1074,0.8076,-0.4181
1866,Polar,Ocean / Unclassified,-18.8855,0.529,-0.441
1866,Temperate,Africa,19.6713,1.575,-0.0268
1866,Temperate,Antarctica,-2.5251,2.4031,0.06
1866,Temperate,Asia,4.9111,2.2386,-0.4135
1866,Temperate,Australia-Oceania,15.8986,2.0908,-0.0245
1866,Temperate,Europe,6.995,2.3505,0.0527
1866,Temperate,North America,7.2388,2.6684,0.1629
1866,Temperate,Ocean / Unclassified,11.4098,3.0394,-0.0049
1866,Temperate,South America,12.1795,2.5014,-0.1571
1866,Tropical,Africa,26.0462,2.0923,0.2419
1866,Tropical,Asia,26.6601,5.2844,0.0137
1866,Tropical,Australia-Oceania,26.0585,5.4212,-0.0236
1866,Tropical,North America,24.5609,2.7264,-0.0172
1866,Tropical,Ocean / Unclassified,25.9117,4.3337,-0.2608
1866,Tropical,South America,25.3866,4.174,0.0484
1867,Polar,Antarctica,-31.8811,0.7525,-0.0378
1867,Polar,Asia,-16.7667,0.8241,0.1161
1867,Polar,Europe,-6.7752,1.6122,-0.561
1867,Polar,North America,-17.7128,0.7814,0.2648
1867,Polar,Ocean / Unclassified,-18.9999,0.5383,0.0356
1867,Temperate,Africa,19.6982,1.7433,0.5936
1867,Temperate,Antarctica,-2.4387,2.3281,-0.368
1867,Temperate,Asia,4.9089,2.3828,-0.1023
1867,Temperate,Australia-Oceania,16.0065,2.071,-0.2353
1867,Temperate,Europe,7.7913,2.4107,0.2686
1867,Temperate,North America,6.8393,2.5957,-0.0804
1867,Temperate,Ocean / Unclassified,11.2839,2.9419,0.0847
1867,Temperate,South America,12.1435,2.4819,0.3526
1867,Tropical,Africa,26.5378,1.9716,0.0785
1867,Tropical,Asia,26.9024,4.7171,-0.2738
1867,Tropical,Australia-Oceania,26.1173,4.9773,-0.4263
1867,Tropical,North America,24.4851,2.4591,-0.1705
1867,Tropical,Ocean / Unclassified,26.2835,4.9947,-0.0925
1867,Tropical,South America,26.2448,4.0318,0.1827
1868,Polar,Antarctica,-32.1928,0.7405,0.3773
1868,Polar,Asia,-15.9883,0.8251,-0.6226
1868,Polar,Europe,-8.3592,1.7543,-0.4561
1868,Polar,North America,-17.9866,0.8138,-0.113
1868,Polar,Ocean / Unclassified,-18.6643,0.5326,-0.7676
1868,Temperate,Africa,19.5919,1.6109,0.4863
1868,Temperate,Antarctica,-2.3242,2.4134,-0.0557
1868,Temperate,Asia,5.2974,2.3896,0.1426
1868,Temperate,Australia-Oceania,16.1089,2.1648,-0.074
1868,Temperate,Europe,7.3174,2.3433,0.3409
1868,Temperate,North America,6.9973,2.5627,-0.2281
1868,Temperate,Ocean / Unclassified,11.3536,2.9142,-0.024
1868,Temperate,South America,12.3346,2.3543,-0.0329
1868,Tropical,Africa,26.621,1.947,-0.3688
1868,Tropical,Asia,27.0855,5.2966,-0.1982
1868,Tropical,Australia-Oceania,26.4628,4.9239,-0.2107
1868,Tropical,North America,24.607,2.6214,-0.4902
1868,Tropical,Ocean / Unclassified,26.0385,4.7842,0.2416
1868,Tropical,South America,25.7381,4.4976,-0.0581
1869,Polar,Antarctica,-32.5898,0.7406,-0.0126
1869,Polar,Asia,-16.7509,0.8501,-0.1974
1869,Polar,Europe,-7.3438,1.6771,-0.3434
1869,Polar,North America,-19.318,0.7869,0.172
1869,Polar,Ocean / Unclassified,-19.3458,0.5521,0.3554
1869,Temperate,Africa,19.4964,1.3973,-0.1331
1869,Temperate,Antarctica,-2.379,2.4955,0.2884
1869,Temperate,Asia,5.4049,2.2678,-0.0059
1869,Temperate,Australia-Oceania,15.9646,2.342,0.1555
1869,Temperate,Europe,7.5258,2.3866,-0.0994
1869,Temperate,North America,6.7112,2.5402,-0.2389
1869,Temperate,Ocean / Unclassified,11.3263,2.9422,-0.0716
1869,Temperate,South America,12.7114,2.1402,-0.4659
1869,Tropical,Africa,25.9371,2.2008,0.0118
1869,Tropical,Asia,26.5845,5.5736,0.4906
1869,Tropical,Australia-Oceania,26.0198,5.1161,0.2111
1869,Tropical,North America,24.8083,3.6347,0.4356
1869,Tropical,Ocean / Unclassified,25.3073,4.1778,0.0063
1869,Tropical,South America,24.6974,4.2078,0.6012
1870,Polar,Antarctica,-32.9227,0.6919,-0.4477
1870,Polar,Asia,-15.2498,0.8406,0.177
1870,Polar,Europe,-6.3816,1.717,0.5122
1870,Polar,North America,-18.5426,0.8083,0.1024
1870,Polar,Ocean / Unclassified,-18.3637,0.5633,0.2685
1870,Temperate,Africa,19.1944,1.5888,-0.1531
1870,Temperate,Antarctica,-2.6394,2.3857,0.2753
1870,Temperate,Asia,5.0663,2.2794,-0.2615
1870,Temperate,Australia-Oceania,15.7589,2.127,0.5191
1870,Temperate,Europe,7.7589,2.3142,-0.134
1870,Temperate,North America,6.6786,2.6426,-0.0565
1870,Temperate,Ocean / Unclassified,11.4967,2.9899,-0.2005
1870,Temperate,South America,12.2069,2.3611,-0.1968
1870,Tropical,Africa,25.7628,2.2317,-0.0268
1870,Tropical,Asia,26.4741,5.2263,0.1822
1870,Tropical,Australia-Oceania,25.9178,5.5953,0.3113
1870,Tropical,North America,24.6985,3.349,0.5943
1870,Tropical,Ocean / Unclassified,25.5625,4.0457,-0.0891
1870,Tropical,South America,24.5974,4.0501,0.2227
1871,Polar,Antarctica,-32.2094,0.7239,-0.3765
1871,Polar,Asia,-16.0852,0.8967,0.3089
1871,Polar,Europe,-7.6083,1.7287,-0.1713
1871,Polar,North America,-18.0116,0.8278,0.5832
1871,Polar,Ocean / Unclassified,-18.3031,0.5796,0.7421
1871,Temperate,Africa,19.5311,1.5544,0.3382
1871,Temperate,Antarctica,-2.7244,2.3468,-0.2296
1871,Temperate,Asia,4.912,2.29,-0.1389
1871,Temperate,Australia-Oceania,16.0521,2.0092,-0.3253
1871,Temperate,Europe,7.6854,2.3454,0.0276
1871,Temperate,North America,6.6411,2.6442,-0.0468
1871,Temperate,Ocean / Unclassified,11.4262,2.9824,0.1204
1871,Temperate,South America,12.1394,2.6767,0.1768
1871,Tropical,Africa,26.269,2.0617,0.1869
1871,Tropical,Asia,26.859,4.7203,-0.3617
1871,Tropical,Australia-Oceania,26.0727,5.3289,-0.1272
1871,Tropical,North America,24.7914,2.5178,-0.0848
1871,Tropical,Ocean / Unclassified,26.2577,4.8161,-0.0832
1871,Tropical,South America,25.7428,4.1123,0.1434
1872,Polar,Antarctica,-32.2844,0.7562,0.0344
1872,Polar,Asia,-18.5256,0.7859,-0.5337
1872,Polar,Europe,-9.242,1.5602,-1.2311
1872,Polar,North America,-18.322,0.7657,0.2056
1872,Polar,Ocean / Unclassified,-20.9419,0.4942,-0.1703
1872,Temperate,Africa,19.7181,1.5343,0.1504
1872,Temperate,Antarctica,-2.4498,2.3877,-0.2535
1872,Temperate,Asia,5.2011,2.3412,-0.0012
1872,Temperate,Australia-Oceania,16.2755,2.2363,-0.0596
1872,Temperate,Europe,6.7312,2.3104,0.0501
1872,Temperate,North America,6.6931,2.6076,-0.0637
1872,Temperate,Ocean / Unclassified,11.337,2.9043,-0.0526
1872,Temperate,South America,12.3644,2.3757,0.3722
1872,Tropical,Africa,26.8291,2.0879,-0.0834
1872,Tropical,Asia,27.2371,5.1371,-0.3391
1872,Tropical,Australia-Oceania,26.4829,5.0351,-0.2939
1872,Tropical,North America,24.5637,2.607,-0.3663
1872,Tropical,Ocean / Unclassified,26.3244,4.8051,0.0507
1872,Tropical,South America,26.2907,4.1772,-0.1544
1873,Polar,Antarctica,-32.3705,0.7241,0.2077
1873,Polar,Asia,-16.7363,0.8862,0.3132
1873,Polar,Europe,-5.653,1.61,-0.2465
1873,Polar,North America,-18.4752,0.844,-0.0085
1873,Polar,Ocean / Unclassified,-18.9955,0.5502,-0.1108
1873,Temperate,Africa,19.5591,1.3625,-0.5018
1873,Temperate,Antarctica,-2.7941,2.4063,0.0269
1873,Temperate,Asia,5.4167,2.4044,-0.0794
1873,Temperate,Australia-Oceania,16.0857,2.4798,0.5476
1873,Temperate,Europe,7.8472,2.2524,-0.2945
1873,Temperate,North America,6.5399,2.5137,-0.1229
1873,Temperate,Ocean / Unclassified,11.3949,2.8908,-0.1713
1873,Temperate,South America,12.3158,2.2931,-0.3042
1873,Tropical,Africa,26.1607,2.3171,-0.0595
1873,Tropical,Asia,26.7856,5.1542,0.2093
1873,Tropical,Australia-Oceania,26.2312,5.2632,0.0315
1873,Tropical,North America,24.3374,3.1085,0.0948
1873,Tropical,Ocean / Unclassified,25.2866,4.399,0.107
1873,Tropical,South America,24.6415,4.5252,0.4198
1874,Polar,Antarctica,-33.0457,0.7197,-0.512
1874,Polar,Asia,-17.6073,0.8004,-0.1109
1874,Polar,Europe,-7.9842,1.4423,-1.2598
1874,Polar,North America,-18.5698,0.7607,0.387
1874,Polar,Ocean / Unclassified,-19.9343,0.5165,-0.1384
1874,Temperate,Africa,19.4554,1.4662,-0.3066
1874,Temperate,Antarctica,-2.869,2.3492,-0.2102
1874,Temperate,Asia,5.1,2.3209,0.0223
1874,Temperate,Australia-Oceania,15.9258,2.4256,0.9121
1874,Temperate,Europe,7.1832,2.2755,-0.2085
1874,Temperate,North America,6.5317,2.5574,-0.1982
1874,Temperate,Ocean / Unclassified,11.2307,2.9505,-0.0605
1874,Temperate,South America,12.263,2.1714,-0.4499
1874,Tropical,Africa,25.4829,2.3105,0.3918
1874,Tropical,Asia,26.2812,5.5784,0.2988
1874,Tropical,Australia-Oceania,25.8961,5.1352,0.5024
1874,Tropical,North America,24.4036,3.4807,0.4128
1874,Tropical,Ocean / Unclassified,25.1406,4.0926,0.0072
1874,Tropical,South America,24.2533,4.2139,0.8047
1875,Polar,Antarctica,-31.4755,0.74,0.0706
1875,Polar,Asia,-17.3996,0.8585,-0.2441
1875,Polar,Europe,-8.4392,1.5268,-1.5719
1875,Polar,North America,-17.8801,0.8198,-0.1447
1875,Polar,Ocean / Unclassified,-19.5276,0.5427,-0.346
1875,Temperate,Africa,19.3813,1.7477,0.483
1875,Temperate,Antarctica,-2.3145,2.3267,-0.4693
1875,Temperate,Asia,4.9979,2.271,-0.0936
1875,Temperate,Australia-Oceania,16.0504,1.8697,-0.1263
1875,Temperate,Europe,7.2576,2.2924,-0.2791
1875,Temperate,North America,6.6528,2.6739,-0.061
1875,Temperate,Ocean / Unclassified,11.3137,3.0063,0.1413
1875,Temperate,South America,12.0975,2.4811,-0.2165
1875,Tropical,Africa,25.9674,2.1816,0.2235
1875,Tropical,Asia,26.5269,4.5365,-0.1358
1875,Tropical,Australia-Oceania,25.9483,5.4768,0.057
1875,Tropical,North America,24.4652,2.7928,0.2083
1875,Tropical,Ocean / Unclassified,26.0176,4.7258,-0.0189
1875,Tropical,South America,25.4116,3.9932,0.2424
1876,Polar,Antarctica,-31.7397,0.727,-0.1171
1876,Polar,Asia,-17.8528,0.816,-0.292
1876,Polar,Europe,-7.2013,1.6885,-0.7336
1876,Polar,North America,-18.3152,0.7982,0.2605
1876,Polar,Ocean / Unclassified,-19.753,0.551,0.0849
1876,Temperate,Africa,19.5696,1.5968,0.5066
1876,Temperate,Antarctica,-2.708,2.3097,-0.4285
1876,Temperate,Asia,5.1252,2.4243,-0.0291
1876,Temperate,Australia-Oceania,16.3561,2.1997,-0.3998
1876,Temperate,Europe,7.5974,2.3055,-0.0094
1876,Temperate,North America,6.8663,2.5991,-0.0233
1876,Temperate,Ocean / Unclassified,11.1707,2.9343,0.2228
1876,Temperate,South America,12.3524,2.4342,0.1104
1876,Tropical,Africa,26.573,2.0406,0.0669
1876,Tropical,Asia,27.0299,4.9417,-0.7229
1876,Tropical,Australia-Oceania,26.3982,5.0353,-0.2627
1876,Tropical,North America,24.4367,2.4236,-0.4132
1876,Tropical,Ocean / Unclassified,26.0886,4.9428,0.1659
1876,Tropical,South America,25.9689,4.2222,-0.3256
1877,Polar,Antarctica,-33.0257,0.738,-0.2277
1877,Polar,Asia,-17.2621,0.8192,-0.3362
1877,Polar,Europe,-4.7004,1.8513,0.1605
1877,Polar,North America,-18.6289,0.8412,0.1623
1877,Polar,Ocean / Unclassified,-19.4142,0.5815,0.0164
1877,Temperate,Africa,19.4493,1.374,-0.0162
1877,Temperate,Antarctica,-3.003,2.4279,-0.0421
1877,Temperate,Asia,4.7403,2.3333,-0.1682
1877,Temperate,Australia-Oceania,16.3793,2.4251,0.0317
1877,Temperate,Europe,8.2183,2.2619,-0.3898
1877,Temperate,North America,6.7844,2.5777,-0.0133
1877,Temperate,Ocean / Unclassified,11.3268,2.8586,-0.1333
1877,Temperate,South America,12.1087,2.2348,-0.26
1877,Tropical,Africa,25.9253,2.1986,-0.0039
1877,Tropical,Asia,26.6656,5.4186,0.2875
1877,Tropical,Australia-Oceania,26.1033,5.439,0.2294
1877,Tropical,North America,24.2917,3.1845,-0.0343
1877,Tropical,Ocean / Unclassified,25.1014,4.165,-0.0056
1877,Tropical,South America,24.4948,4.5935,0.5579
1878,Polar,Antarctica,-32.7886,0.6793,-0.6156
1878,Polar,Asia,-18.032,0.805,-0.1839
1878,Polar,Europe,-6.3966,1.8979,1.3033
1878,Polar,North America,-19.8842,0.7713,-0.1368
1878,Polar,Ocean / Unclassified,-21.0708,0.6191,0.7383
1878,Temperate,Africa,19.3166,1.4433,-0.3362
1878,Temperate,Antarctica,-2.7887,2.404,-0.087
1878,Temperate,Asia,4.8865,2.3035,-0.2267
1878,Temperate,Australia-Oceania,16.0586,2.3593,0.8922
1878,Temperate,Europe,8.0941,2.2145,-0.4803
1878,Temperate,North America,6.6167,2.55,-0.1583
1878,Temperate,Ocean / Unclassified,11.338,3.0093,-0.0998
1878,Temperate,South America,12.3864,2.1598,-0.6568
1878,Tropical,Africa,25.4649,2.2742,0.1208
1878,Tropical,Asia,26.3178,5.4308,0.3095
1878,Tropical,Australia-Oceania,25.724,5.364,0.5622
1878,Tropical,North America,24.2496,3.5207,0.3432
1878,Tropical,Ocean / Unclassified,24.9822,3.9257,-0.1021
1878,Tropical,South America,23.9114,4.2666,0.7189
1879,Polar,Antarctica,-32.5968,0.7675,-0.2554
1879,Polar,Asia,-17.1154,0.8426,-0.0982
1879,Polar,Europe,-7.6372,1.8535,0.2124
1879,Polar,North America,-18.6551,0.7909,-0.0576
1879,Polar,Ocean / Unclassified,-19.7537,0.5768,0.8168
1879,Temperate,Africa,19.485,1.5585,-0.2038
1879,Temperate,Antarctica,-2.5366,2.3476,-0.0957
1879,Temperate,Asia,4.8714,2.2823,-0.1748
1879,Temperate,Australia-Oceania,16.1261,2.1081,-0.1261
1879,Temperate,Europe,7.43,2.242,-0.3551
1879,Temperate,North America,6.6376,2.6619,-0.0973
1879,Temperate,Ocean / Unclassified,11.3665,2.9516,-0.0588
1879,Temperate,South America,11.9725,2.4455,-0.1939
1879,Tropical,Africa,25.6505,2.3473,0.5095
1879,Tropical,Asia,26.5056,5.0358,-0.0267
1879,Tropical,Australia-Oceania,25.8999,5.3333,0.3653
1879,Tropical,North America,24.6246,3.2591,0.4213
1879,Tropical,Ocean / Unclassified,25.7913,4.3842,-0.2226
1879,Tropical,South America,24.9968,3.7639,0.0024
1880,Polar,Antarctica,-31.965,0.7657,0.2219
1880,Polar,Asia,-16.8976,0.8373,-0.09
1880,Polar,Europe,-7.6647,1.7133,0.1675
1880,Polar,North America,-16.9718,0.8409,0.3739
1880,Polar,Ocean / Unclassified,-18.98,0.5491,0.303
1880,Temperate,Africa,19.537,1.5468,0.3491
1880,Temperate,Antarctica,-2.184,2.4045,-0.1796
1880,Temperate,Asia,5.4154,2.3669,-0.0077
1880,Temperate,Australia-Oceania,16.2711,2.0407,-0.2868
1880,Temperate,Europe,6.9501,2.3989,-0.0139
1880,Temperate,North America,7.0466,2.6495,-0.0115
1880,Temperate,Ocean / Unclassified,11.3988,2.9493,0.0471
1880,Temperate,South America,12.0619,2.5984,0.4707
1880,Tropical,Africa,26.4337,1.8992,0.1653
1880,Tropical,Asia,26.9647,4.9426,-0.3576
1880,Tropical,Australia-Oceania,26.3806,5.2359,-0.3741
1880,Tropical,North America,24.5376,2.3074,-0.26
1880,Tropical,Ocean / Unclassified,26.3891,4.995,0.0023
1880,Tropical,South America,26.4063,3.7953,-0.574
1881,Polar,Antarctica,-32.2927,0.7385,0.1093
1881,Polar,Asia,-16.527,0.8394,-0.2156
1881,Polar,Europe,-6.1123,1.6312,-0.3318
1881,Polar,North America,-17.9034,0.8237,0.4881
1881,Polar,Ocean / Unclassified,-18.9864,0.5197,-0.1422
1881,Temperate,Africa,19.9383,1.472,-0.0979
1881,Temperate,Antarctica,-2.3332,2.4947,0.3076
1881,Temperate,Asia,5.2217,2.3683,0.0776
1881,Temperate,Australia-Oceania,16.2905,2.169,-0.116
1881,Temperate,Europe,7.9954,2.3547,0.0388
1881,Temperate,North America,6.9804,2.6061,-0.0691
1881,Temperate,Ocean / Unclassified,11.332,2.8703,-0.0339
1881,Temperate,South America,12.295,2.4514,0.3454
1881,Tropical,Africa,26.4979,2.0849,-0.1524
1881,Tropical,Asia,27.1558,5.3619,-0.1029
1881,Tropical,Australia-Oceania,26.4486,5.1601,-0.23
1881,Tropical,North America,24.7037,2.5668,-0.4599
1881,Tropical,Ocean / Unclassified,26.1545,4.7918,0.1097
1881,Tropical,South America,26.1235,3.8185,-0.5581
1882,Polar,Antarctica,-31.8561,0.7343,0.1444
1882,Polar,Asia,-16.4221,0.9173,0.2962
1882,Polar,Europe,-6.7164,1.8414,0.347
1882,Polar,North America,-18.1228,0.7818,-0.0979
1882,Polar,Ocean / Unclassified,-18.8949,0.5611,-0.199
1882,Temperate,Africa,19.7413,1.3133,-0.5694
1882,Temperate,Antarctica,-2.3152,2.4566,0.4904
1882,Temperate,Asia,5.355,2.3164,-0.108
1882,Temperate,Australia-Oceania,16.2297,2.4072,0.2992
1882,Temperate,Europe,7.419,2.1872,-0.318
1882,Temperate,North America,7.1574,2.5626,-0.1127
1882,Temperate,Ocean / Unclassified,11.3372,2.9024,-0.1017
1882,Temperate,South America,12.3998,2.2762,-0.3208
1882,Tropical,Africa,26.0236,1.9517,-0.3482
1882,Tropical,Asia,26.6497,5.5298,0.472
1882,Tropical,Australia-Oceania,26.2633,5.471,0.3525
1882,Tropical,North America,24.3704,2.9611,-0.174
1882,Tropical,Ocean / Unclassified,25.3408,4.444,0.1235
1882,Tropical,South America,24.7783,4.5049,0.3091
1883,Polar,Antarctica,-32.5679,0.7032,-0.2363
1883,Polar,Asia,-16.338,0.9477,0.5384
1883,Polar,Europe,-5.1123,1.9299,0.5163
1883,Polar,North America,-18.7681,0.8261,0.1853
1883,Polar,Ocean / Unclassified,-19.4621,0.6127,0.5005
1883,Temperate,Africa,19.5461,1.4114,-0.5475
1883,Temperate,Antarctica,-2.3985,2.3844,0.2556
1883,Temperate,Asia,5.022,2.2232,-0.215
1883,Temperate,Australia-Oceania,16.0407,2.2985,0.4549
1883,Temperate,Europe,7.9931,2.2446,-0.4467
1883,Temperate,North America,6.9814,2.6048,-0.1192
1883,Temperate,Ocean / Unclassified,11.3729,2.9666,-0.0905
1883,Temperate,South America,12.3089,2.3465,-0.3811
1883,Tropical,Africa,25.8018,2.0282,-0.2908
1883,Tropical,Asia,26.2509,5.6583,0.3261
1883,Tropical,Australia-Oceania,25.8565,5.5596,0.5292
1883,Tropical,North America,24.4163,3.1516,0.2029
1883,Tropical,Ocean / Unclassified,25.3545,4.0646,0.1196
1883,Tropical,South America,24.582,4.2517,0.481
1884,Polar,Antarctica,-32.4547,0.7437,-0.0644
1884,Polar,Asia,-16.4046,0.8594,0.7472
1884,Polar,Europe,-5.2244,1.8144,0.686
1884,Polar,North America,-19.3084,0.7524,0.142
1884,Polar,Ocean / Unclassified,-19.0917,0.6124,0.685
1884,Temperate,Africa,19.0018,1.553,0.355
1884,Temperate,Antarctica,-2.6334,2.4067,-0.104
1884,Temperate,Asia,4.3432,2.1584,-0.3629
1884,Temperate,Australia-Oceania,16.0556,1.9435,-0.1296
1884,Temperate,Europe,6.8615,2.21,-0.3392
1884,Temperate,North America,6.5519,2.6706,0.012
1884,Temperate,Ocean / Unclassified,11.4238,2.9646,-0.0373
1884,Temperate,South America,11.9557,2.4265,-0.0657
1884,Tropical,Africa,25.5819,2.241,-0.1367
1884,Tropical,Asia,26.2874,5.0607,0.0978
1884,Tropical,Australia-Oceania,25.7896,5.441,0.2194
1884,Tropical,North America,24.3892,2.8131,0.0073
1884,Tropical,Ocean / Unclassified,25.5783,4.3036,-0.1414
1884,Tropical,South America,24.7395,4.0093,0.0867
1885,Polar,Antarctica,-32.0641,0.7276,-0.2451
1885,Polar,Asia,-18.63,0.7669,-0.0297
1885,Polar,Europe,-8.4395,1.5397,0.1396
1885,Polar,North America,-17.6346,0.7553,-0.2761
1885,Polar,Ocean / Unclassified,-20.0157,0.4718,0.3029
1885,Temperate,Africa,19.3409,1.5977,0.1804
1885,Temperate,Antarctica,-2.503,2.4005,0.1419
1885,Temperate,Asia,4.6724,2.2959,-0.3262
1885,Temperate,Australia-Oceania,15.9312,2.2103,-0.2014
1885,Temperate,Europe,6.8315,2.492,0.0402
1885,Temperate,North America,6.5878,2.5983,-0.0343
1885,Temperate,Ocean / Unclassified,11.3747,2.9485,0.0612
1885,Temperate,South America,12.2272,2.6452,0.3254
1885,Tropical,Africa,26.1602,1.9998,0.0543
1885,Tropical,Asia,26.7589,4.677,-0.4883
1885,Tropical,Australia-Oceania,25.9935,4.8425,-0.3525
1885,Tropical,North America,24.3508,2.5601,-0.4434
1885,Tropical,Ocean / Unclassified,26.2016,5.1385,0.0029
1885,Tropical,South America,25.8473,3.8214,-0.046
1886,Polar,Antarctica,-32.0005,0.7445,0.039
1886,Polar,Asia,-20.0445,0.8335,-0.9304
1886,Polar,Europe,-8.32,1.5687,-1.4457
1886,Polar,North America,-18.202,0.8007,-0.2063
1886,Polar,Ocean / Unclassified,-21.3335,0.5179,-1.2444
1886,Temperate,Africa,19.7352,1.5517,0.2592
1886,Temperate,Antarctica,-2.1939,2.469,0.2456
1886,Temperate,Asia,5.1945,2.3348,0.0553
1886,Temperate,Australia-Oceania,16.2185,2.199,0.1908
1886,Temperate,Europe,7.2033,2.4589,0.2916
1886,Temperate,North America,6.7423,2.536,-0.2763
1886,Temperate,Ocean / Unclassified,11.2922,2.8946,0.0079
1886,Temperate,South America,12.4822,2.5063,0.4259
1886,Tropical,Africa,26.673,1.9155,-0.5425
1886,Tropical,Asia,27.0701,5.1818,-0.3293
1886,Tropical,Australia-Oceania,26.2794,5.1686,-0.3643
1886,Tropical,North America,24.5295,2.4807,-0.488
1886,Tropical,Ocean / Unclassified,26.1422,4.7468,0.2403
1886,Tropical,South America,25.6684,4.6272,0.0752
1887,Polar,Antarctica,-32.5707,0.6938,-0.4532
1887,Polar,Asia,-16.5764,0.8675,-0.1457
1887,Polar,Europe,-5.8338,1.6986,-0.69
1887,Polar,North America,-18.1959,0.8446,0.6861
1887,Polar,Ocean / Unclassified,-18.8313,0.6186,1.0782
1887,Temperate,Africa,19.5198,1.3766,-0.216
1887,Temperate,Antarctica,-2.5401,2.3573,-0.1388
1887,Temperate,Asia,5.2039,2.3411,-0.0961
1887,Temperate,Australia-Oceania,16.2366,2.2211,0.2004
1887,Temperate,Europe,7.3224,2.1773,-0.2228
1887,Temperate,North America,6.9677,2.5778,-0.11
1887,Temperate,Ocean / Unclassified,11.354,2.949,-0.0833
1887,Temperate,South America,12.4329,2.3318,0.1195
1887,Tropical,Africa,25.8412,2.1396,-0.1753
1887,Tropical,Asia,26.628,5.46,0.388
1887,Tropical,Australia-Oceania,26.0906,5.2036,0.1615
1887,Tropical,North America,24.5197,3.2163,-0.0744
1887,Tropical,Ocean / Unclassified,25.2715,4.273,-0.0268
1887,Tropical,South America,24.6176,4.4967,0.609
1888,Polar,Antarctica,-32.5668,0.714,-0.5427
1888,Polar,Asia,-17.3467,0.8114,0.2991
1888,Polar,Europe,-8.0536,1.54,-0.276
1888,Polar,North America,-18.4318,0.7511,-0.0588
1888,Polar,Ocean / Unclassified,-19.4522,0.5197,0.3602
1888,Temperate,Africa,19.5908,1.4597,-0.5228
1888,Temperate,Antarctica,-2.7554,2.4123,0.0707
1888,Temperate,Asia,5.326,2.2456,-0.2328
1888,Temperate,Australia-Oceania,15.7731,2.3495,0.3563
1888,Temperate,Europe,7.3908,2.2853,-0.3541
1888,Temperate,North America,6.8638,2.6328,-0.059
1888,Temperate,Ocean / Unclassified,11.4416,2.9489,-0.1059
1888,Temperate,South America,12.3189,2.2139,-0.2767
1888,Tropical,Africa,25.4486,2.0764,0.0109
1888,Tropical,Asia,26.239,5.727,0.447
1888,Tropical,Australia-Oceania,25.7879,5.272,0.3419
1888,Tropical,North America,24.4888,3.3838,0.337
1888,Tropical,Ocean / Unclassified,25.0804,4.0799,-0.0153
1888,Tropical,South America,24.2601,4.2929,0.6143
1889,Polar,Antarctica,-31.8863,0.7572,0.1585
1889,Polar,Asia,-15.4801,0.8736,-0.003
1889,Polar,Europe,-5.1356,1.8214,-0.3467
1889,Polar,North America,-20.1081,0.8264,-0.3267
1889,Polar,Ocean / Unclassified,-19.5568,0.5743,-0.281
1889,Temperate,Africa,19.3224,1.601,0.1462
1889,Temperate,Antarctica,-2.4782,2.3823,-0.0664
1889,Temperate,Asia,5.3138,2.3325,0.0366
1889,Temperate,Australia-Oceania,16.1208,2.0813,-0.0187
1889,Temperate,Europe,7.4897,2.2277,-0.3865
1889,Temperate,North America,6.4991,2.6006,-0.0039
1889,Temperate,Ocean / Unclassified,11.568,2.999,0.0192
1889,Temperate,South America,12.2255,2.4156,-0.2085
1889,Tropical,Africa,25.8348,2.043,-0.3537
1889,Tropical,Asia,26.3982,4.8872,0.0702
1889,Tropical,Australia-Oceania,25.8973,5.6039,0.2938
1889,Tropical,North America,24.5656,3.3571,0.6034
1889,Tropical,Ocean / Unclassified,25.7352,4.2819,-0.0507
1889,Tropical,South America,25.0433,4.123,0.3694
1890,Polar,Antarctica,-31.8816,0.7327,-0.007
1890,Polar,Asia,-16.9764,0.8372,-0.1082
1890,Polar,Europe,-6.9621,1.7216,-0.0693
1890,Polar,North America,-17.8672,0.8114,0.0705
1890,Polar,Ocean / Unclassified,-19.8103,0.5534,0.075
1890,Temperate,Africa,19.6959,1.684,0.6422
1890,Temperate,Antarctica,-2.1742,2.3738,-0.2188
1890,Temperate,Asia,5.5707,2.3998,0.0943
1890,Temperate,Australia-Oceania,16.241,2.0995,-0.1163
1890,Temperate,Europe,7.7173,2.4926,0.2311
1890,Temperate,North America,6.7095,2.6254,-0.0576
1890,Temperate,Ocean / Unclassified,11.4587,2.9697,0.1275
1890,Temperate,South America,12.3943,2.6066,0.3691
1890,Tropical,Africa,26.5619,2.0813,0.1278
1890,Tropical,Asia,26.9334,4.8316,-0.4955
1890,Tropical,Australia-Oceania,26.2628,4.976,-0.3207
1890,Tropical,North America,24.525,2.3928,0.036
1890,Tropical,Ocean / Unclassified,26.259,4.9298,0.054
1890,Tropical,South America,26.0295,4.0504,-0.2753
1891,Polar,Antarctica,-32.3603,0.7157,-0.3585
1891,Polar,Asia,-18.804,0.7696,-0.6693
1891,Polar,Europe,-8.3904,1.6583,-0.1749
1891,Polar,North America,-17.2066,0.817,0.5098
1891,Polar,Ocean / Unclassified,-19.5882,0.5233,0.0033
1891,Temperate,Africa,19.5342,1.6112,0.3942
1891,Temperate,Antarctica,-2.4054,2.3803,-0.1358
1891,Temperate,Asia,5.125,2.3691,0.1804
1891,Temperate,Australia-Oceania,16.432,2.0004,-0.2557
1891,Temperate,Europe,7.4989,2.4106,0.3771
1891,Temperate,North America,6.7854,2.6241,-0.0779
1891,Temperate,Ocean / Unclassified,11.4041,2.9604,0.202
1891,Temperate,South America,12.4329,2.4827,0.1299
1891,Tropical,Africa,26.5251,2.1661,0.0403
1891,Tropical,Asia,27.0203,4.8427,-0.3831
1891,Tropical,Australia-Oceania,26.3726,5.2735,-0.3541
1891,Tropical,North America,24.753,2.3936,-0.5288
1891,Tropical,Ocean / Unclassified,26.3147,4.9016,0.0505
1891,Tropical,South America,26.0009,3.7991,-0.0284
1892,Polar,Antarctica,-31.8728,0.7387,-0.3405
1892,Polar,Asia,-16.6169,0.9179,-0.1406
1892,Polar,Europe,-6.0984,1.8813,0.2277
1892,Polar,North America,-18.9356,0.7289,0.0429
1892,Polar,Ocean / Unclassified,-19.3707,0.5831,0.1185
1892,Temperate,Africa,19.5748,1.4243,-0.1151
1892,Temperate,Antarctica,-2.4347,2.4235,0.0553
1892,Temperate,Asia,5.4559,2.3845,0.1436
1892,Temperate,Australia-Oceania,16.2051,2.2505,-0.0239
1892,Temperate,Europe,7.8823,2.3333,0.3579
1892,Temperate,North America,6.8664,2.6008,-0.0862
1892,Temperate,Ocean / Unclassified,11.3606,2.8776,0.1186
1892,Temperate,South America,12.3468,2.5573,0.4397
1892,Tropical,Africa,26.4639,1.9959,-0.2564
1892,Tropical,Asia,27.013,5.0278,-0.2104
1892,Tropical,Australia-Oceania,26.4217,5.115,-0.2832
1892,Tropical,North America,24.6134,2.8636,-0.3807
1892,Tropical,Ocean / Unclassified,26.0065,4.9105,0.2043
1892,Tropical,South America,25.6137,4.0677,-0.4113
1893,Polar,Antarctica,-32.2254,0.755,0.0674
1893,Polar,Asia,-17.1486,0.7412,-0.3407
1893,Polar,Europe,-4.4537,1.6318,-0.1017
1893,Polar,North America,-18.0333,0.8136,-0.3038
1893,Polar,Ocean / Unclassified,-18.9757,0.5622,0.4406
1893,Temperate,Africa,19.4668,1.4141,-0.1803
1893,Temperate,Antarctica,-2.237,2.4084,0.1579
1893,Temperate,Asia,5.1426,2.3561,-0.1272
1893,Temperate,Australia-Oceania,16.21,2.3238,0.092
1893,Temperate,Europe,8.1186,2.3659,-0.1338
1893,Temperate,North America,6.7495,2.5546,-0.0174
1893,Temperate,Ocean / Unclassified,11.4278,2.9568,-0.1344
1893,Temperate,South America,12.3146,2.2779,0.0005
1893,Tropical,Africa,25.7825,2.1258,-0.2262
1893,Tropical,Asia,26.5774,5.5066,0.2813
1893,Tropical,Australia-Oceania,26.1276,5.3329,0.2859
1893,Tropical,North America,24.5833,3.6609,0.5576
1893,Tropical,Ocean / Unclassified,25.4143,4.1096,0.0582
1893,Tropical,South America,24.7193,4.3383,0.4271
1894,Polar,Antarctica,-32.1432,0.7006,-0.3277
1894,Polar,Asia,-15.8172,0.8809,-0.3623
1894,Polar,Europe,-5.7363,1.9055,0.2563
1894,Polar,North America,-18.5315,0.7787,-0.1041
1894,Polar,Ocean / Unclassified,-18.6773,0.5466,-0.1475
1894,Temperate,Africa,19.5169,1.5101,-0.2566
1894,Temperate,Antarctica,-2.1112,2.3367,-0.2279
1894,Temperate,Asia,5.6041,2.2873,-0.0598
1894,Temperate,Australia-Oceania,16.1201,2.0466,-0.0145
1894,Temperate,Europe,8.2989,2.2545,-0.0769
1894,Temperate,North America,6.7792,2.6676,0.0587
1894,Temperate,Ocean / Unclassified,11.4199,3.0077,0.082
1894,Temperate,South America,12.4495,2.5837,0.2412
1894,Tropical,Africa,25.8774,2.0924,-0.0184
1894,Tropical,Asia,26.5403,5.0636,0.0162
1894,Tropical,Australia-Oceania,26.0098,5.5955,0.2124
1894,Tropical,North America,24.6426,2.9565,0.3676
1894,Tropical,Ocean / Unclassified,25.9222,4.3923,-0.0888
1894,Tropical,South America,25.3329,4.1071,0.3481
1895,Polar,Antarctica,-31.7749,0.7076,-0.2375
1895,Polar,Asia,-16.4073,0.8836,0.2372
1895,Polar,Europe,-3.6997,1.7444,0.4669
1895,Polar,North America,-16.9811,0.8115,0.1951
1895,Polar,Ocean / Unclassified,-18.6644,0.5476,-0.2291
1895,Temperate,Africa,19.6116,1.5637,0.4088
1895,Temperate,Antarctica,-2.5622,2.2842,-0.38
1895,Temperate,Asia,4.922,2.4303,0.0638
1895,Temperate,Australia-Oceania,16.1343,2.2386,0.0284
1895,Temperate,Europe,8.0737,2.4915,0.331
1895,Temperate,North America,6.822,2.5709,-0.0282
1895,Temperate,Ocean / Unclassified,11.3173,2.924,0.1486
1895,Temperate,South America,12.4068,2.5988,0.4917
1895,Tropical,Africa,26.7506,1.9847,0.1007
1895,Tropical,Asia,27.1088,4.7825,-0.5614
1895,Tropical,Australia-Oceania,26.5223,4.886,-0.3552
1895,Tropical,North America,24.4662,2.5374,-0.0657
1895,Tropical,Ocean / Unclassified,26.3498,5.2196,0.2765
1895,Tropical,South America,26.216,4.1096,-0.1628
1896,Polar,Antarctica,-32.182,0.7514,-0.0452
1896,Polar,Asia,-16.957,0.8012,-0.0504
1896,Polar,Europe,-6.1067,1.7375,-0.1015
1896,Polar,North America,-17.6787,0.7687,-0.104
1896,Polar,Ocean / Unclassified,-19.2722,0.506,-0.4717
1896,Temperate,Africa,19.5497,1.4519,0.0117
1896,Temperate,Antarctica,-2.5365,2.4432,-0.3232
1896,Temperate,Asia,4.8882,2.4536,0.1406
1896,Temperate,Australia-Oceania,15.9342,2.221,0.1216
1896,Temperate,Europe,7.5843,2.323,0.1805
1896,Temperate,North America,7.2885,2.552,-0.1369
1896,Temperate,Ocean / Unclassified,11.386,2.9193,0.0336
1896,Temperate,South America,12.528,2.4427,0.4972
1896,Tropical,Africa,26.1093,2.1856,-0.0588
1896,Tropical,Asia,26.9696,5.0611,-0.0842
1896,Tropical,Australia-Oceania,26.2085,5.335,-0.1017
1896,Tropical,North America,24.5184,2.9685,0.0204
1896,Tropical,Ocean / Unclassified,25.6544,4.4671,0.0639
1896,Tropical,South America,25.1591,4.2482,0.3183
1897,Polar,Antarctica,-32.6323,0.7268,-0.0777
1897,Polar,Asia,-16.7067,0.7622,-0.7164
1897,Polar,Europe,-7.0332,1.5608,-0.3258
1897,Polar,North America,-17.5785,0.7681,-0.5293
1897,Polar,Ocean / Unclassified,-18.8854,0.4792,-1.4071
1897,Temperate,Africa,19.6005,1.4677,-0.1489
1897,Temperate,Antarctica,-2.9944,2.3239,-0.0948
1897,Temperate,Asia,5.0781,2.2386,-0.0012
1897,Temperate,Australia-Oceania,16.1511,2.1445,0.074
1897,Temperate,Europe,7.3492,2.4147,-0.0004
1897,Temperate,North America,6.9871,2.6332,0.0642
1897,Temperate,Ocean / Unclassified,11.3095,2.9637,-0.1488
1897,Temperate,South America,12.4327,2.3204,-0.2535
1897,Tropical,Africa,25.8862,2.1294,0.1564
1897,Tropical,Asia,26.5653,5.5688,0.1704
1897,Tropical,Australia-Oceania,26.2046,5.4997,0.3356
1897,Tropical,North America,24.4779,2.8695,-0.1266
1897,Tropical,Ocean / Unclassified,25.5672,4.1983,0.0116
1897,Tropical,South America,24.7322,4.356,0.4333
1898,Polar,Antarctica,-32.744,0.727,-0.3505
1898,Polar,Asia,-16.9853,0.8237,-0.6172
1898,Polar,Europe,-5.6155,1.6413,-0.9149
1898,Polar,North America,-18.4742,0.8022,-0.0353
1898,Polar,Ocean / Unclassified,-19.6585,0.5413,-0.7641
1898,Temperate,Africa,19.4645,1.47,-0.2555
1898,Temperate,Antarctica,-2.987,2.3968,-0.1182
1898,Temperate,Asia,4.9716,2.2704,-0.041
1898,Temperate,Australia-Oceania,15.943,2.0254,-0.2037
1898,Temperate,Europe,8.0296,2.5306,0.4521
1898,Temperate,North America,6.7892,2.6745,-0.0062
1898,Temperate,Ocean / Unclassified,11.3743,2.9409,-0.0925
1898,Temperate,South America,12.4546,2.4559,-0.0939
1898,Tropical,Africa,25.9809,2.2028,0.1179
1898,Tropical,Asia,26.5401,5.2192,0.1371
1898,Tropical,Australia-Oceania,26.099,5.5399,0.198
1898,Tropical,North America,24.7465,2.9653,-0.068
1898,Tropical,Ocean / Unclassified,25.8773,4.3792,-0.0394
1898,Tropical,South America,25.3115,3.916,0.1897
1899,Polar,Antarctica,-32.4474,0.7432,-0.248
1899,Polar,Asia,-15.8821,0.8299,-0.1632
1899,Polar,Europe,-4.607,1.7626,-0.1529
1899,Polar,North America,-18.1526,0.7327,-0.3384
1899,Polar,Ocean / Unclassified,-19.2944,0.5195,-0.5255
1899,Temperate,Africa,19.5253,1.5079,-0.1279
1899,Temperate,Antarctica,-2.46,2.367,-0.1586
1899,Temperate,Asia,5.0823,2.4369,-0.006
1899,Temperate,Australia-Oceania,15.9882,2.0904,-0.3911
1899,Temperate,Europe,7.8739,2.4812,0.8296
1899,Temperate,North America,6.8785,2.6155,0.0872
1899,Temperate,Ocean / Unclassified,11.355,2.9365,-0.0013
1899,Temperate,South America,12.3164,2.4829,0.2242
1899,Tropical,Africa,26.3085,2.1728,0.3096
1899,Tropical,Asia,26.984,4.8431,-0.3251
1899,Tropical,Australia-Oceania,26.2358,5.3543,-0.1938
1899,Tropical,North America,24.6614,2.439,-0.3316
1899,Tropical,Ocean / Unclassified,26.2319,4.8714,-0.0219
1899,Tropical,South America,26.1346,3.8986,-0.7089
1900,Polar,Antarctica,-31.7068,0.76,-0.028
1900,Polar,Asia,-17.6822,0.8591,-0.1497
1900,Polar,Europe,-5.3484,1.8426,0.1078
1900,Polar,North America,-19.5411,0.7694,-0.3439
1900,Polar,Ocean / Unclassified,-19.9813,0.5773,-0.4725
1900,Temperate,Africa,19.4722,1.5075,-0.0484
1900,Temperate,Antarctica,-2.0007,2.2945,-0.4979
1900,Temperate,Asia,5.1207,2.3404,0.0588
1900,Temperate,Australia-Oceania,16.0659,2.1134,-0.224
1900,Temperate,Europe,7.6515,2.3689,0.237
1900,Temperate,North America,6.7221,2.6375,-0.0586
1900,Temperate,Ocean / Unclassified,11.2936,2.9793,0.2159
1900,Temperate,South America,12.3525,2.4235,0.187
1900,Tropical,Africa,26.4374,2.087,0.0384
1900,Tropical,Asia,27.0194,5.2783,-0.1356
1900,Tropical,Australia-Oceania,26.1904,5.0153,-0.1358
1900,Tropical,North America,24.6997,3.0616,-0.2955
1900,Tropical,Ocean / Unclassified,25.9444,4.6532,0.1311
1900,Tropical,South America,25.5878,4.0474,-0.1205
1901,Polar,Antarctica,-32.4671,0.7172,-0.0197
1901,Polar,Asia,-16.4128,0.8159,-0.0608
1901,Polar,Europe,-5.8593,1.799,0.5141
1901,Polar,North America,-17.9998,0.7749,-0.3412
1901,Polar,Ocean / Unclassified,-18.4927,0.523,0.0686
1901,Temperate,Africa,19.6567,1.5163,0.1156
1901,Temperate,Antarctica,-2.3598,2.3488,-0.3672
1901,Temperate,Asia,5.1798,2.3034,-0.0421
1901,Temperate,Australia-Oceania,16.3372,1.9637,-0.2889
1901,Temperate,Europe,7.9545,2.3853,0.0985
1901,Temperate,North America,6.978,2.6674,0.0764
1901,Temperate,Ocean / Unclassified,11.3256,2.9405,-0.0777
1901,Temperate,South America,12.4964,2.4643,0.1504
1901,Tropical,Africa,26.2384,2.0635,-0.0059
1901,Tropical,Asia,26.8896,5.2234,0.2177
1901,Tropical,Australia-Oceania,26.24,5.5231,-0.1257
1901,Tropical,North America,24.6692,2.9065,0.0203
1901,Tropical,Ocean / Unclassified,26.0704,4.4438,0.0013
1901,Tropical,South America,25.5909,4.1737,-0.0829
1902,Polar,Antarctica,-31.7293,0.7431,0.0688
1902,Polar,Asia,-15.7994,0.9054,0.0314
1902,Polar,Europe,-4.8576,1.879,0.742
1902,Polar,North America,-18.0629,0.8285,-0.0158
1902,Polar,Ocean / Unclassified,-18.6877,0.577,-0.3416
1902,Temperate,Africa,19.5354,1.6306,0.4948
1902,Temperate,Antarctica,-2.5977,2.3215,-0.3615
1902,Temperate,Asia,5.3969,2.3631,0.1191
1902,Temperate,Australia-Oceania,16.4217,2.053,-0.4455
1902,Temperate,Europe,8.1528,2.3006,0.1239
1902,Temperate,North America,6.7112,2.6851,0.1964
1902,Temperate,Ocean / Unclassified,11.4119,2.9584,-0.0854
1902,Temperate,South America,12.1264,2.4725,0.0723
1902,Tropical,Africa,26.3916,2.1292,0.1505
1902,Tropical,Asia,26.9793,5.0842,-0.2633
1902,Tropical,Australia-Oceania,26.4221,5.1844,-0.208
1902,Tropical,North America,24.6086,2.7315,-0.0227
1902,Tropical,Ocean / Unclassified,26.1211,4.631,0.0699
1902,Tropical,South America,25.6028,4.2313,0.0656
1903,Polar,Antarctica,-32.6219,0.7307,-0.059
1903,Polar,Asia,-16.71,0.8713,0.4018
1903,Polar,Europe,-6.3671,1.8868,0.3134
1903,Polar,North America,-19.2623,0.7287,-0.1592
1903,Polar,Ocean / Unclassified,-19.2995,0.5828,0.4335
1903,Temperate,Africa,19.2659,1.4145,-0.1909
1903,Temperate,Antarctica,-2.6123,2.4382,-0.1997
1903,Temperate,Asia,4.5269,2.2509,-0.2408
1903,Temperate,Australia-Oceania,16.0275,2.2408,-0.0012
1903,Temperate,Europe,7.5438,2.2972,-0.176
1903,Temperate,North America,6.4819,2.6075,0.0071
1903,Temperate,Ocean / Unclassified,11.3445,2.9245,-0.0332
1903,Temperate,South America,12.3888,2.311,-0.1049
1903,Tropical,Africa,25.8639,1.9325,-0.3382
1903,Tropical,Asia,26.4735,5.3686,0.2657
1903,Tropical,Australia-Oceania,26.2391,5.1823,-0.1539
1903,Tropical,North America,24.4084,3.1297,-0.0149
1903,Tropical,Ocean / Unclassified,25.4126,4.5057,0.0543
1903,Tropical,South America,24.5729,4.3773,0.3179
1904,Polar,Antarctica,-32.2642,0.7183,-0.0805
1904,Polar,Asia,-16.1403,0.7949,-0.1265
1904,Polar,Europe,-4.9264,1.7201,0.5956
1904,Polar,North America,-18.1293,0.763,-0.364
1904,Polar,Ocean / Unclassified,-18.937,0.5129,0.058
1904,Temperate,Africa,19.1939,1.5209,0.0074
1904,Temperate,Antarctica,-2.407,2.3197,-0.1619
1904,Temperate,Asia,4.3933,2.259,-0.3124
1904,Temperate,Australia-Oceania,16.1602,1.9482,-0.255
1904,Temperate,Europe,7.6567,2.3499,-0.1149
1904,Temperate,North America,6.5775,2.5984,-0.0531
1904,Temperate,Ocean / Unclassified,11.4302,2.9953,-0.0193
1904,Temperate,South America,12.4003,2.3428,-0.0464
1904,Tropical,Africa,25.5982,2.3352,0.0351
1904,Tropical,Asia,26.3399,5.5168,0.0677
1904,Tropical,Australia-Oceania,25.8716,5.392,0.1699
1904,Tropical,North America,24.1369,2.8565,0.1966
1904,Tropical,Ocean / Unclassified,25.2745,4.0395,-0.0574
1904,Tropical,South America,24.4806,4.3114,0.5788
1905,Polar,Antarctica,-32.083,0.7399,-0.1517
1905,Polar,Asia,-15.5412,0.8424,-0.3779
1905,Polar,Europe,-5.0033,1.742,-0.1511
1905,Polar,North America,-18.1727,0.7299,-0.5917
1905,Polar,Ocean / Unclassified,-17.686,0.5917,-0.3083
1905,Temperate,Africa,19.4254,1.4687,-0.183
1905,Temperate,Antarctica,-2.5576,2.414,-0.0011
1905,Temperate,Asia,5.3325,2.2287,-0.2797
1905,Temperate,Australia-Oceania,16.0324,2.0832,-0.4545
1905,Temperate,Europe,7.6244,2.3447,0.1457
1905,Temperate,North America,6.5776,2.7037,0.0388
1905,Temperate,Ocean / Unclassified,11.4443,2.9657,-0.0184
1905,Temperate,South America,12.3393,2.29,-0.2909
1905,Tropical,Africa,25.657,2.364,0.5508
1905,Tropical,Asia,26.3685,5.358,0.2579
1905,Tropical,Australia-Oceania,26.0036,5.503,0.1491
1905,Tropical,North America,24.5576,3.0332,-0.2104
1905,Tropical,Ocean / Unclassified,25.5629,4.107,-0.2017
1905,Tropical,South America,24.7207,4.2417,0.3372
1906,Polar,Antarctica,-31.6388,0.766,0.2852
1906,Polar,Asia,-15.5286,0.8396,-0.2407
1906,Polar,Europe,-6.359,1.5881,-0.2667
1906,Polar,North America,-18.0387,0.7015,-0.9065
1906,Polar,Ocean / Unclassified,-18.3568,0.537,-0.1427
1906,Temperate,Africa,19.4965,1.5537,0.2093
1906,Temperate,Antarctica,-2.0857,2.3739,-0.0983
1906,Temperate,Asia,4.7236,2.2884,-0.1275
1906,Temperate,Australia-Oceania,15.9914,2.1507,-0.1902
1906,Temperate,Europe,7.4697,2.407,-0.052
1906,Temperate,North America,6.7327,2.7212,0.1677
1906,Temperate,Ocean / Unclassified,11.454,2.9511,-0.0807
1906,Temperate,South America,12.322,2.4856,0.0062
1906,Tropical,Africa,26.1523,2.2087,0.3399
1906,Tropical,Asia,26.7261,4.9504,-0.1667
1906,Tropical,Australia-Oceania,26.1812,5.794,0.0449
1906,Tropical,North America,24.4699,2.7436,0.0413
1906,Tropical,Ocean / Unclassified,25.8479,4.2908,-0.1946
1906,Tropical,South America,25.2266,4.0686,-0.0071
1907,Polar,Antarctica,-31.9751,0.7606,0.3478
1907,Polar,Asia,-16.1477,0.8515,0.1601
1907,Polar,Europe,-4.1605,1.4766,-1.064
1907,Polar,North America,-18.0535,0.7821,-0.2771
1907,Polar,Ocean / Unclassified,-18.6913,0.6013,0.5767
1907,Temperate,Africa,19.5953,1.3585,-0.2282
1907,Temperate,Antarctica,-2.4732,2.4494,0.1852
1907,Temperate,Asia,4.3649,2.2621,-0.2989
1907,Temperate,Australia-Oceania,16.3144,2.1475,-0.3282
1907,Temperate,Europe,7.4207,2.2765,0.0887
1907,Temperate,North America,6.9677,2.6356,0.0871
1907,Temperate,Ocean / Unclassified,11.4571,2.9537,0.0232
1907,Temperate,South America,12.4773,2.2448,-0.3101
1907,Tropical,Africa,26.1369,2.0541,-0.0774
1907,Tropical,Asia,26.7702,5.5407,0.0229
1907,Tropical,Australia-Oceania,26.277,5.5611,0.1597
1907,Tropical,North America,24.6005,3.1898,-0.134
1907,Tropical,Ocean / Unclassified,25.5425,4.2185,-0.0579
1907,Tropical,South America,25.0317,4.1982,-0.0121
1908,Polar,Antarctica,-32.0356,0.7201,-0.113
1908,Polar,Asia,-15.5646,0.8512,0.0599
1908,Polar,Europe,-5.5681,1.75,-0.6094
1908,Polar,North America,-18.3608,0.8203,-0.0712
1908,Polar,Ocean / Unclassified,-17.9058,0.6163,0.7881
1908,Temperate,Africa,19.4622,1.5004,-0.3035
1908,Temperate,Antarctica,-2.3032,2.3798,0.2723
1908,Temperate,Asia,5.2379,2.3104,-0.2231
1908,Temperate,Australia-Oceania,16.1718,2.1222,-0.0211
1908,Temperate,Europe,7.8577,2.2882,-0.2878
1908,Temperate,North America,6.8592,2.5978,0.0218
1908,Temperate,Ocean / Unclassified,11.3875,2.9921,0.0366
1908,Temperate,South America,12.6932,2.3804,-0.2699
1908,Tropical,Africa,26.0853,2.1833,-0.1814
1908,Tropical,Asia,26.6012,5.3551,0.2509
1908,Tropical,Australia-Oceania,26.0669,5.582,0.2646
1908,Tropical,North America,24.5524,3.0666,0.295
1908,Tropical,Ocean / Unclassified,25.7792,4.3205,-0.0961
1908,Tropical,South America,25.2134,3.966,0.0698
1909,Polar,Antarctica,-32.3737,0.7185,-0.407
1909,Polar,Asia,-16.4346,0.8109,-0.3134
1909,Polar,Europe,-4.9519,1.8197,0.2384
1909,Polar,North America,-17.6292,0.8089,0.0551
1909,Polar,Ocean / Unclassified,-18.871,0.5267,0.3549
1909,Temperate,Africa,19.6362,1.5965,0.2262
1909,Temperate,Antarctica,-2.4962,2.3579,-0.2506
1909,Temperate,Asia,5.0018,2.3232,0.0387
1909,Temperate,Australia-Oceania,16.4602,2.1626,-0.1448
1909,Temperate,Europe,8.1112,2.4526,0.3808
1909,Temperate,North America,7.0818,2.6638,0.0357
1909,Temperate,Ocean / Unclassified,11.3681,2.9104,0.0393
1909,Temperate,South America,12.2777,2.5754,0.3149
1909,Tropical,Africa,26.4339,2.079,0.0587
1909,Tropical,Asia,26.9887,4.8725,-0.2946
1909,Tropical,Australia-Oceania,26.4717,5.1741,-0.3006
1909,Tropical,North America,24.6324,2.6006,-0.2712
1909,Tropical,Ocean / Unclassified,26.2216,4.8003,-0.0208
1909,Tropical,South America,25.7206,4.3463,-0.0591
1910,Polar,Antarctica,-31.9442,0.7544,0.1871
1910,Polar,Asia,-16.596,0.7385,-0.849
1910,Polar,Europe,-7.5325,1.5822,-0.5038
1910,Polar,North America,-18.0703,0.7233,-0.201
1910,Polar,Ocean / Unclassified,-18.3037,0.5266,-0.5474
1910,Temperate,Africa,19.6442,1.4565,0.1002
1910,Temperate,Antarctica,-2.4154,2.3669,-0.0994
1910,Temperate,Asia,4.486,2.3254,-0.1363
1910,Temperate,Australia-Oceania,16.3548,2.0617,-0.2635
1910,Temperate,Europe,7.1489,2.2992,-0.044
1910,Temperate,North America,7.0626,2.7271,0.0685
1910,Temperate,Ocean / Unclassified,11.4618,2.9851,-0.0458
1910,Temperate,South America,12.2307,2.5473,0.5424
1910,Tropical,Africa,26.1293,2.0502,-0.0968
1910,Tropical,Asia,26.8108,5.1707,-0.1456
1910,Tropical,Australia-Oceania,26.2378,5.6146,0.1102
1910,Tropical,North America,24.6552,3.0556,0.0185
1910,Tropical,Ocean / Unclassified,25.8436,4.2647,-0.0987
1910,Tropical,South America,25.2807,4.099,0.2266
1911,Polar,Antarctica,-32.2059,0.7263,-0.1192
1911,Polar,Asia,-16.3253,0.8159,-0.8543
1911,Polar,Europe,-6.6739,1.8184,-0.4378
1911,Polar,North America,-17.4782,0.8147,-0.2529
1911,Polar,Ocean / Unclassified,-18.3677,0.5204,-0.4792
1911,Temperate,Africa,19.4924,1.5519,-0.0068
1911,Temperate,Antarctica,-2.4675,2.407,-0.3413
1911,Temperate,Asia,4.5567,2.191,-0.2849
1911,Temperate,Australia-Oceania,16.1484,2.093,-0.1212
1911,Temperate,Europe,7.1687,2.2944,-0.3426
1911,Temperate,North America,7.1146,2.6538,0.0882
1911,Temperate,Ocean / Unclassified,11.4517,2.9333,0.0559
1911,Temperate,South America,12.4251,2.4291,-0.026
1911,Tropical,Africa,26.0906,2.2096,-0.0216
1911,Tropical,Asia,26.8436,5.5918,0.2109
1911,Tropical,Australia-Oceania,26.3911,5.3759,-0.1302
1911,Tropical,North America,24.5975,2.5795,-0.1416
1911,Tropical,Ocean / Unclassified,25.8861,4.3255,-0.1095
1911,Tropical,South America,25.1216,4.1226,0.0774
1912,Polar,Antarctica,-32.0165,0.7575,-0.0256
1912,Polar,Asia,-17.2612,0.8413,-0.0169
1912,Polar,Europe,-4.8783,1.7523,0.4642
1912,Polar,North America,-19.2598,0.7511,-0.2247
1912,Polar,Ocean / Unclassified,-19.1428,0.5459,-0.1626
1912,Temperate,Africa,19.3763,1.4589,0.0846
1912,Temperate,Antarctica,-2.28,2.4469,0.2279
1912,Temperate,Asia,4.4492,2.2376,-0.3254
1912,Temperate,Australia-Oceania,16.118,1.936,-0.6104
1912,Temperate,Europe,7.1512,2.3618,0.1207
1912,Temperate,North America,6.7289,2.5969,-0.0146
1912,Temperate,Ocean / Unclassified,11.4762,2.977,-0.1221
1912,Temperate,South America,12.2597,2.5207,0.1361
1912,Tropical,Africa,26.2147,2.0351,0.2722
1912,Tropical,Asia,26.8808,5.3569,0.0005
1912,Tropical,Australia-Oceania,26.2633,5.4919,0.0025
1912,Tropical,North America,24.7088,3.1704,-0.1693
1912,Tropical,Ocean / Unclassified,25.9327,4.3359,-0.0874
1912,Tropical,South America,25.3254,4.2478,0.0003
1913,Polar,Antarctica,-31.3546,0.7377,0.0917
1913,Polar,Asia,-17.349,0.7816,-0.3831
1913,Polar,Europe,-6.1517,1.8927,0.8303
1913,Polar,North America,-18.3732,0.7474,-0.3946
1913,Polar,Ocean / Unclassified,-19.0749,0.5222,-0.722
1913,Temperate,Africa,19.2972,1.6147,0.2776
1913,Temperate,Antarctica,-2.5053,2.2922,0.0608
1913,Temperate,Asia,4.5536,2.3004,-0.3392
1913,Temperate,Australia-Oceania,16.1236,2.1015,-0.2982
1913,Temperate,Europe,7.4879,2.2345,-0.3539
1913,Temperate,North America,6.7646,2.6591,0.0269
1913,Temperate,Ocean / Unclassified,11.401,3.0216,0.075
1913,Temperate,South America,12.5104,2.4568,0.1621
1913,Tropical,Africa,26.2954,2.141,-0.0584
1913,Tropical,Asia,26.8033,5.2688,0.0055
1913,Tropical,Australia-Oceania,26.3398,5.4067,-0.1521
1913,Tropical,North America,24.4943,2.6862,0.0952
1913,Tropical,Ocean / Unclassified,25.9996,4.3449,-0.0875
1913,Tropical,South America,25.0985,4.1915,0.2029
1914,Polar,Antarctica,-32.5039,0.7157,-0.1125
1914,Polar,Asia,-17.3106,0.7518,-0.8486
1914,Polar,Europe,-5.0446,1.5953,-0.4405
1914,Polar,North America,-17.9849,0.7457,-0.6864
1914,Polar,Ocean / Unclassified,-19.4443,0.5311,-0.7559
1914,Temperate,Africa,19.495,1.5384,0.2019
1914,Temperate,Antarctica,-2.5488,2.3704,-0.6206
1914,Temperate,Asia,4.2978,2.391,-0.1356
1914,Temperate,Australia-Oceania,16.1217,1.9986,-0.2154
1914,Temperate,Europe,7.6246,2.3905,-0.0146
1914,Temperate,North America,6.9232,2.5316,-0.0988
1914,Temperate,Ocean / Unclassified,11.4164,2.9696,0.1634
1914,Temperate,South America,12.5996,2.4255,0.2251
1914,Tropical,Africa,26.3445,2.1914,0.0043
1914,Tropical,Asia,27.0669,5.1264,-0.1176
1914,Tropical,Australia-Oceania,26.3432,5.2491,-0.3087
1914,Tropical,North America,24.3433,2.4066,-0.2216
1914,Tropical,Ocean / Unclassified,26.1115,4.6866,-0.0938
1914,Tropical,South America,25.6518,4.3912,0.2952
1915,Polar,Antarctica,-32.2463,0.7535,-0.1551
1915,Polar,Asia,-16.9004,0.814,-0.8696
1915,Polar,Europe,-4.9594,1.7084,-0.7276
1915,Polar,North America,-19.3505,0.7506,-0.5308
1915,Polar,Ocean / Unclassified,-19.609,0.5932,-0.2098
1915,Temperate,Africa,19.2682,1.4885,0.2761
1915,Temperate,Antarctica,-2.4233,2.4732,0.1954
1915,Temperate,Asia,4.3031,2.2667,-0.1396
1915,Temperate,Australia-Oceania,15.9893,2.2424,-0.0542
1915,Temperate,Europe,7.5371,2.1497,-0.4025
1915,Temperate,North America,6.8835,2.6512,-0.0186
1915,Temperate,Ocean / Unclassified,11.435,2.9603,-0.0619
1915,Temperate,South America,12.3489,2.3662,-0.1249
1915,Tropical,Africa,25.9167,2.3932,0.6364
1915,Tropical,Asia,26.8109,5.4793,0.1534
1915,Tropical,Australia-Oceania,26.2082,5.219,-0.0332
1915,Tropical,North America,24.7259,3.2174,-0.2715
1915,Tropical,Ocean / Unclassified,25.6185,4.1455,-0.1059
1915,Tropical,South America,25.0916,3.9266,0.1793
1916,Polar,Antarctica,-32.2863,0.7047,-0.2339
1916,Polar,Asia,-16.5717,0.881,0.1274
1916,Polar,Europe,-5.3732,1.6324,0.174
1916,Polar,North America,-19.6302,0.781,-0.8432
1916,Polar,Ocean / Unclassified,-20.2162,0.5624,0.1448
1916,Temperate,Africa,19.5426,1.4455,-0.2575
1916,Temperate,Antarctica,-2.5535,2.4852,0.4467
1916,Temperate,Asia,5.0032,2.3325,-0.2046
1916,Temperate,Australia-Oceania,16.1232,2.1779,0.0105
1916,Temperate,Europe,8.254,2.3903,-0.3539
1916,Temperate,North America,6.6742,2.5718,-0.0936
1916,Temperate,Ocean / Unclassified,11.5055,2.8995,-0.149
1916,Temperate,South America,12.4895,2.4455,0.0805
1916,Tropical,Africa,25.8461,2.0884,0.0554
1916,Tropical,Asia,26.5732,5.533,0.3943
1916,Tropical,Australia-Oceania,26.1877,5.4999,0.1585
1916,Tropical,North America,24.7331,3.557,0.5527
1916,Tropical,Ocean / Unclassified,25.4802,4.2271,-0.0927
1916,Tropical,South America,24.7814,4.0672,-0.0032
1917,Polar,Antarctica,-32.4587,0.7155,-0.4142
1917,Polar,Asia,-15.2118,0.913,0.3879
1917,Polar,Europe,-5.2179,1.8624,-0.0646
1917,Polar,North America,-18.2253,0.803,0.1085
1917,Polar,Ocean / Unclassified,-18.7898,0.5349,0.1334
1917,Temperate,Africa,19.4488,1.4513,-0.1486
1917,Temperate,Antarctica,-2.5476,2.3813,0.229
1917,Temperate,Asia,5.4858,2.2415,-0.1023
1917,Temperate,Australia-Oceania,16.0953,2.0672,0.0656
1917,Temperate,Europe,7.6989,2.3274,-0.1235
1917,Temperate,North America,6.8384,2.6654,-0.047
1917,Temperate,Ocean / Unclassified,11.561,3.0092,0.0346
1917,Temperate,South America,12.3441,2.4161,-0.0377
1917,Tropical,Africa,26.0873,2.1625,0.0117
1917,Tropical,Asia,26.6189,5.4373,0.1434
1917,Tropical,Australia-Oceania,26.2574,5.514,0.1794
1917,Tropical,North America,24.7039,3.1067,0.2811
1917,Tropical,Ocean / Unclassified,25.8768,4.2899,-0.1087
1917,Tropical,South America,25.1982,3.9998,-0.0426
1918,Polar,Antarctica,-31.6197,0.7738,0.3925
1918,Polar,Asia,-16.6753,0.8516,0.4843
1918,Polar,Europe,-6.0745,1.5624,-0.2411
1918,Polar,North America,-17.1249,0.7775,0.038
1918,Polar,Ocean / Unclassified,-18.643,0.5715,-0.1258
1918,Temperate,Africa,19.7215,1.5409,-0.008
1918,Temperate,Antarctica,-2.5389,2.3702,-0.0253
1918,Temperate,Asia,5.2946,2.3453,0.0051
1918,Temperate,Australia-Oceania,16.2733,1.99,-0.5907
1918,Temperate,Europe,8.0291,2.3671,0.2776
1918,Temperate,North America,7.108,2.6197,0.0408
1918,Temperate,Ocean / Unclassified,11.5024,2.9726,0.0074
1918,Temperate,South America,12.0839,2.2178,-0.3365
1918,Tropical,Africa,26.45,2.2672,0.1012
1918,Tropical,Asia,26.7294,4.875,-0.1057
1918,Tropical,Australia-Oceania,26.2637,5.5748,-0.1511
1918,Tropical,North America,24.684,2.7892,-0.251
1918,Tropical,Ocean / Unclassified,26.1233,4.6122,-0.0262
1918,Tropical,South America,25.454,3.9561,-0.2346
1919,Polar,Antarctica,-31.529,0.7732,0.1293
1919,Polar,Asia,-17.3264,0.8426,-0.0396
1919,Polar,Europe,-6.5328,1.7589,-0.6195
1919,Polar,North America,-17.4668,0.841,0.3395
1919,Polar,Ocean / Unclassified,-20.0757,0.5527,-0.0503
1919,Temperate,Africa,19.9829,1.5373,0.1262
1919,Temperate,Antarctica,-2.5316,2.3951,-0.2107
1919,Temperate,Asia,5.216,2.3551,0.1612
1919,Temperate,Australia-Oceania,16.4908,2.0555,-0.4183
1919,Temperate,Europe,7.159,2.4941,0.4695
1919,Temperate,North America,7.2633,2.6111,-0.0483
1919,Temperate,Ocean / Unclassified,11.2844,2.9033,0.066
1919,Temperate,South America,12.3581,2.4838,-0.1619
1919,Tropical,Africa,26.6976,2.1222,0.1793
1919,Tropical,Asia,27.1368,5.289,-0.2146
1919,Tropical,Australia-Oceania,26.4821,5.1721,-0.2903
1919,Tropical,North America,24.5249,2.5192,-0.4001
1919,Tropical,Ocean / Unclassified,26.3157,4.7448,0.0812
1919,Tropical,South America,26.1814,4.0825,-0.2904
1920,Polar,Antarctica,-31.898,0.7176,-0.0078
1920,Polar,Asia,-16.6326,0.8298,-0.2472
1920,Polar,Europe,-5.7332,1.7354,-0.0877
1920,Polar,North America,-17.7114,0.7828,0.1777
1920,Polar,Ocean / Unclassified,-19.4421,0.519,-0.107
1920,Temperate,Africa,19.7609,1.4396,-0.1565
1920,Temperate,Antarctica,-2.3579,2.3154,-0.1913
1920,Temperate,Asia,5.1257,2.3567,0.0622
1920,Temperate,Australia-Oceania,16.1544,2.1095,-0.4859
1920,Temperate,Europe,7.6222,2.2587,-0.1847
1920,Temperate,North America,6.8921,2.6699,0.099
1920,Temperate,Ocean / Unclassified,11.393,2.9586,-0.0158
1920,Temperate,South America,12.5413,2.3649,0.1052
1920,Tropical,Africa,26.424,1.988,-0.3145
1920,Tropical,Asia,26.8992,5.3151,0.2515
1920,Tropical,Australia-Oceania,26.5137,5.413,-0.0194
1920,Tropical,North America,24.6272,3.0569,-0.1087
1920,Tropical,Ocean / Unclassified,25.6607,4.4037,0.0376
1920,Tropical,South America,25.0891,4.4624,0.5817
1921,Polar,Antarctica,-32.0465,0.7422,0.0018
1921,Polar,Asia,-15.612,0.8477,-0.1556
1921,Polar,Europe,-7.7156,1.5799,-0.2308
1921,Polar,North America,-17.8484,0.8152,0.0628
1921,Polar,Ocean / Unclassified,-19.1294,0.5202,-0.1619
1921,Temperate,Africa,19.5148,1.4577,-0.0539
1921,Temperate,Antarctica,-2.3741,2.4128,-0.3153
1921,Temperate,Asia,5.2183,2.2357,-0.1067
1921,Temperate,Australia-Oceania,16.2774,2.1664,0.0152
1921,Temperate,Europe,7.2205,2.3056,-0.163
1921,Temperate,North America,6.8752,2.6936,0.2755
1921,Temperate,Ocean / Unclassified,11.5152,2.9544,-0.0079
1921,Temperate,South America,12.6741,2.3144,-0.2547
1921,Tropical,Africa,26.0679,2.0514,-0.3725
1921,Tropical,Asia,26.5281,5.5059,0.2812
1921,Tropical,Australia-Oceania,26.3139,5.2793,0.0909
1921,Tropical,North America,24.8035,3.1752,-0.1187
1921,Tropical,Ocean / Unclassified,25.4191,4.2329,0.0542
1921,Tropical,South America,24.8195,4.2371,0.3787
1922,Polar,Antarctica,-32.128,0.7325,-0.0529
1922,Polar,Asia,-16.3349,0.7873,-0.1177
1922,Polar,Europe,-6.0033,1.8653,0.0579
1922,Polar,North America,-19.0905,0.7772,0.0021
1922,Polar,Ocean / Unclassified,-19.3318,0.5514,-0.2088
1922,Temperate,Africa,19.393,1.5598,-0.1807
1922,Temperate,Antarctica,-2.49,2.3173,-0.104
1922,Temperate,Asia,5.1838,2.2455,-0.1196
1922,Temperate,Australia-Oceania,16.1898,2.2025,0.1527
1922,Temperate,Europe,7.9729,2.2455,-0.3682
1922,Temperate,North America,6.6862,2.6905,0.2233
1922,Temperate,Ocean / Unclassified,11.4686,3.0013,-0.0987
1922,Temperate,South America,11.9381,2.5233,-0.0976
1922,Tropical,Africa,25.8972,2.1782,-0.1651
1922,Tropical,Asia,26.5087,4.876,-0.0305
1922,Tropical,Australia-Oceania,26.0046,5.4253,0.3238
1922,Tropical,North America,24.8909,3.2048,0.0848
1922,Tropical,Ocean / Unclassified,25.9538,4.463,-0.0773
1922,Tropical,South America,25.0762,3.9334,-0.033
1923,Polar,Antarctica,-31.7484,0.7128,-0.2307
1923,Polar,Asia,-16.8296,0.8349,-0.7729
1923,Polar,Europe,-6.8416,1.8895,0.8465
1923,Polar,North America,-17.8068,0.8167,0.1227
1923,Polar,Ocean / Unclassified,-20.2224,0.5235,-0.3857
1923,Temperate,Africa,19.5952,1.5036,0.139
1923,Temperate,Antarctica,-2.686,2.3914,-0.1944
1923,Temperate,Asia,5.5135,2.4046,0.1852
1923,Temperate,Australia-Oceania,16.4518,2.0722,-0.0487
1923,Temperate,Europe,7.8167,2.4273,0.1294
1923,Temperate,North America,6.9656,2.601,-0.0074
1923,Temperate,Ocean / Unclassified,11.3371,2.8975,0.0361
1923,Temperate,South America,12.5662,2.5556,0.3975
1923,Tropical,Africa,26.6791,1.9813,0.0627
1923,Tropical,Asia,27.2069,5.2012,-0.497
1923,Tropical,Australia-Oceania,26.5473,5.0742,-0.2565
1923,Tropical,North America,24.5865,2.5958,-0.0753
1923,Tropical,Ocean / Unclassified,26.2163,4.9284,-0.0127
1923,Tropical,South America,26.0205,4.4309,-0.1669
1924,Polar,Antarctica,-32.3806,0.7355,-0.0643
1924,Polar,Asia,-15.8694,0.8807,-0.1261
1924,Polar,Europe,-6.1383,1.7594,-0.0596
1924,Polar,North America,-18.1477,0.7694,-0.3143
1924,Polar,Ocean / Unclassified,-18.5727,0.5336,-0.8708
1924,Temperate,Africa,19.5918,1.3497,-0.1083
1924,Temperate,Antarctica,-3.1194,2.3941,-0.24
1924,Temperate,Asia,5.4787,2.2444,-0.0329
1924,Temperate,Australia-Oceania,16.3951,2.1516,-0.1401
1924,Temperate,Europe,7.9877,2.2869,0.0938
1924,Temperate,North America,6.9767,2.6774,0.1925
1924,Temperate,Ocean / Unclassified,11.4392,2.9424,-0.0079
1924,Temperate,South America,12.4023,2.1564,-0.2737
1924,Tropical,Africa,26.0243,2.2625,0.0344
1924,Tropical,Asia,26.7909,5.7506,0.5129
1924,Tropical,Australia-Oceania,26.3674,5.1965,-0.0868
1924,Tropical,North America,24.7562,3.4503,0.0329
1924,Tropical,Ocean / Unclassified,25.4957,4.2217,0.061
1924,Tropical,South America,24.9573,4.109,0.4618
1925,Polar,Antarctica,-32.6337,0.7044,-0.0182
1925,Polar,Asia,-16.6504,0.7423,-0.2338
1925,Polar,Europe,-6.5257,1.5978,-0.2885
1925,Polar,North America,-18.5309,0.7596,-0.0997
1925,Polar,Ocean / Unclassified,-18.3275,0.5284,-0.1116
1925,Temperate,Africa,19.5686,1.4058,-0.4937
1925,Temperate,Antarctica,-2.7416,2.4755,0.002
1925,Temperate,Asia,4.631,2.2669,-0.1219
1925,Temperate,Australia-Oceania,16.3179,2.1076,-0.0716
1925,Temperate,Europe,7.1476,2.2312,-0.3988
1925,Temperate,North America,6.7118,2.6426,0.0408
1925,Temperate,Ocean / Unclassified,11.3821,2.9573,-0.0323
1925,Temperate,South America,12.4478,2.3283,-0.6371
1925,Tropical,Africa,25.9067,2.3341,0.4485
1925,Tropical,Asia,26.6892,5.5808,0.4691
1925,Tropical,Australia-Oceania,26.3193,5.3229,0.1742
1925,Tropical,North America,24.8598,3.491,0.7394
1925,Tropical,Ocean / Unclassified,25.5914,4.161,-0.0767
1925,Tropical,South America,24.7793,3.9883,-0.0655
1926,Polar,Antarctica,-33.6823,0.7196,-0.6804
1926,Polar,Asia,-15.9714,0.7397,-1.1477
1926,Polar,Europe,-5.6019,1.7851,0.2529
1926,Polar,North America,-18.998,0.7566,-0.8432
1926,Polar,Ocean / Unclassified,-18.5446,0.4983,-0.899
1926,Temperate,Africa,19.5283,1.3751,-0.4034
1926,Temperate,Antarctica,-2.9494,2.3832,0.3956
1926,Temperate,Asia,4.8667,2.2733,-0.1774
1926,Temperate,Australia-Oceania,16.2772,2.0255,-0.4374
1926,Temperate,Europe,7.9696,2.3216,-0.4846
1926,Temperate,North America,6.6269,2.7003,0.2709
1926,Temperate,Ocean / Unclassified,11.426,2.9861,-0.1019
1926,Temperate,South America,12.4976,2.3545,0.0475
1926,Tropical,Africa,26.2428,2.3543,0.4968
1926,Tropical,Asia,26.8423,4.9898,-0.0097
1926,Tropical,Australia-Oceania,26.2361,5.6674,0.1365
1926,Tropical,North America,24.708,2.5133,-0.1695
1926,Tropical,Ocean / Unclassified,26.14,4.552,-0.0542
1926,Tropical,South America,25.6593,3.7585,-0.1025
1927,Polar,Antarctica,-31.9733,0.7544,-0.0722
1927,Polar,Asia,-16.1312,0.8559,-0.7547
1927,Polar,Europe,-6.1063,1.9211,0.0326
1927,Polar,North America,-17.7049,0.8126,-0.1021
1927,Polar,Ocean / Unclassified,-19.0855,0.5447,-0.6435
1927,Temperate,Africa,19.9719,1.5158,-0.3133
1927,Temperate,Antarctica,-2.3532,2.4408,-0.0137
1927,Temperate,Asia,5.6629,2.3996,0.0087
1927,Temperate,Australia-Oceania,16.2364,2.1661,-0.0392
1927,Temperate,Europe,7.4235,2.3907,0.5127
1927,Temperate,North America,6.7964,2.5635,-0.0571
1927,Temperate,Ocean / Unclassified,11.495,2.9034,0.0304
1927,Temperate,South America,12.0832,2.584,0.1095
1927,Tropical,Africa,26.7574,2.0417,0.2053
1927,Tropical,Asia,27.1494,5.0333,-0.2335
1927,Tropical,Australia-Oceania,26.4987,5.1611,-0.1777
1927,Tropical,North America,24.5396,2.4558,-0.5577
1927,Tropical,Ocean / Unclassified,26.2712,4.9847,0.1468
1927,Tropical,South America,26.3474,3.9095,-0.5875
1928,Polar,Antarctica,-31.7886,0.7109,-0.0693
1928,Polar,Asia,-16.5011,0.8381,-0.0292
1928,Polar,Europe,-4.5687,1.907,0.7297
1928,Polar,North America,-19.3018,0.8695,0.315
1928,Polar,Ocean / Unclassified,-19.6664,0.6117,0.1187
1928,Temperate,Africa,19.496,1.4348,-0.1838
1928,Temperate,Antarctica,-2.6063,2.4573,0.2498
1928,Temperate,Asia,4.7217,2.3801,0.0916
1928,Temperate,Australia-Oceania,16.5328,2.3461,0.2487
1928,Temperate,Europe,7.4778,2.1441,-0.4339
1928,Temperate,North America,6.7388,2.5363,-0.1445
1928,Temperate,Ocean / Unclassified,11.4315,2.911,0.0028
1928,Temperate,South America,12.5625,2.3763,0.1208
1928,Tropical,Africa,26.3411,2.2171,-0.1431
1928,Tropical,Asia,26.8998,5.4457,0.1317
1928,Tropical,Australia-Oceania,26.5018,5.3752,0.0628
1928,Tropical,North America,24.5858,3.2994,0.0327
1928,Tropical,Ocean / Unclassified,25.4942,4.2796,0.1189
1928,Tropical,South America,25.0379,4.3756,0.1239
1929,Polar,Antarctica,-32.46,0.6964,-0.5072
1929,Polar,Asia,-15.2997,0.964,0.5789
1929,Polar,Europe,-3.9205,1.9841,1.3162
1929,Polar,North America,-19.6662,0.7857,0.1877
1929,Polar,Ocean / Unclassified,-19.4093,0.6086,0.8845
1929,Temperate,Africa,19.436,1.4823,0.002
1929,Temperate,Antarctica,-2.7159,2.4228,0.5111
1929,Temperate,Asia,5.2996,2.2924,-0.089
1929,Temperate,Australia-Oceania,16.1344,2.3431,0.414
1929,Temperate,Europe,8.0892,2.2415,-0.8524
1929,Temperate,North America,6.7163,2.5607,-0.1579
1929,Temperate,Ocean / Unclassified,11.4667,3.0087,-0.0792
1929,Temperate,South America,12.4439,2.2449,-0.2629
1929,Tropical,Africa,25.8267,2.194,0.1168
1929,Tropical,Asia,26.5912,5.3811,0.2683
1929,Tropical,Australia-Oceania,26.1133,5.6013,0.475
1929,Tropical,North America,24.5428,3.6259,0.6142
1929,Tropical,Ocean / Unclassified,25.5349,4.1048,-0.1111
1929,Tropical,South America,24.9265,3.9298,0.3839
1930,Polar,Antarctica,-32.4197,0.7602,-0.254
1930,Polar,Asia,-16.2755,0.9072,0.4152
1930,Polar,Europe,-4.7873,1.8512,0.9933
1930,Polar,North America,-19.0299,0.8391,-0.072
1930,Polar,Ocean / Unclassified,-19.7684,0.5414,-0.1156
1930,Temperate,Africa,19.4869,1.4681,0.0113
1930,Temperate,Antarctica,-2.2255,2.3133,-0.4273
1930,Temperate,Asia,5.1026,2.3074,-0.0167
1930,Temperate,Australia-Oceania,16.1761,2.0992,0.0441
1930,Temperate,Europe,8.1281,2.2892,-0.112
1930,Temperate,North America,6.8851,2.6681,-0.0411
1930,Temperate,Ocean / Unclassified,11.4201,3.0095,0.1143
1930,Temperate,South America,12.328,2.4603,-0.1593
1930,Tropical,Africa,26.1266,1.9389,-0.0724
1930,Tropical,Asia,26.8406,4.9281,-0.0624
1930,Tropical,Australia-Oceania,26.3232,5.7983,0.2122
1930,Tropical,North America,24.7353,3.0264,0.2739
1930,Tropical,Ocean / Unclassified,26.0856,4.5263,-0.102
1930,Tropical,South America,25.4329,4.0299,-0.1782
1931,Polar,Antarctica,-31.8918,0.7609,0.1992
1931,Polar,Asia,-17.1865,0.8293,0.4426
1931,Polar,Europe,-4.6813,1.9607,0.9057
1931,Polar,North America,-18.0656,0.8247,0.2347
1931,Polar,Ocean / Unclassified,-20.007,0.5796,-0.1741
1931,Temperate,Africa,19.8315,1.6295,0.135
1931,Temperate,Antarctica,-2.4048,2.4412,0.0329
1931,Temperate,Asia,5.6255,2.4035,0.0856
1931,Temperate,Australia-Oceania,16.4637,1.9707,-0.349
1931,Temperate,Europe,8.541,2.558,0.5815
1931,Temperate,North America,7.0414,2.5931,-0.0002
1931,Temperate,Ocean / Unclassified,11.5462,2.9253,0.0692
1931,Temperate,South America,12.3156,2.5634,0.1011
1931,Tropical,Africa,26.7655,2.1641,0.129
1931,Tropical,Asia,27.1928,4.5346,-0.5034
1931,Tropical,Australia-Oceania,26.3784,5.1799,-0.0791
1931,Tropical,North America,24.6881,2.7639,0.1345
1931,Tropical,Ocean / Unclassified,26.5068,5.0665,-0.0045
1931,Tropical,South America,26.3275,3.8738,-0.3785
1932,Polar,Antarctica,-32.0192,0.7564,0.0897
1932,Polar,Asia,-15.8596,0.8543,-0.008
1932,Polar,Europe,-3.8162,1.829,0.808
1932,Polar,North America,-17.0938,0.799,0.1612
1932,Polar,Ocean / Unclassified,-17.8254,0.5865,0.5118
1932,Temperate,Africa,19.8757,1.4556,0.1749
1932,Temperate,Antarctica,-2.376,2.4062,0.2464
1932,Temperate,Asia,5.3087,2.3885,0.1396
1932,Temperate,Australia-Oceania,16.6681,2.2101,-0.3066
1932,Temperate,Europe,8.0363,2.4067,0.3928
1932,Temperate,North America,7.1246,2.5646,-0.063
1932,Temperate,Ocean / Unclassified,11.4778,2.9151,0.017
1932,Temperate,South America,12.3802,2.3954,0.2727
1932,Tropical,Africa,26.6484,2.2183,0.3078
1932,Tropical,Asia,27.1964,5.1177,-0.3525
1932,Tropical,Australia-Oceania,26.5179,4.9488,-0.2337
1932,Tropical,North America,24.5788,2.4823,-0.37
1932,Tropical,Ocean / Unclassified,26.0601,4.9,0.1534
1932,Tropical,South America,25.8238,4.1171,-0.2044
1933,Polar,Antarctica,-32.1243,0.739,0.0969
1933,Polar,Asia,-17.7747,0.8169,-0.5147
1933,Polar,Europe,-5.802,1.8215,0.4636
1933,Polar,North America,-18.0362,0.8284,-0.0347
1933,Polar,Ocean / Unclassified,-20.1976,0.4888,-0.4711
1933,Temperate,Africa,19.8931,1.5266,-0.3604
1933,Temperate,Antarctica,-2.7065,2.5204,0.2724
1933,Temperate,Asia,4.979,2.346,0.0732
1933,Temperate,Australia-Oceania,16.3473,2.3551,0.5029
1933,Temperate,Europe,7.6268,2.2601,-0.2904
1933,Temperate,North America,6.9392,2.4939,-0.1301
1933,Temperate,Ocean / Unclassified,11.5443,2.9392,-0.1797
1933,Temperate,South America,12.2943,2.3279,-0.3161
1933,Tropical,Africa,26.0304,2.1949,-0.0597
1933,Tropical,Asia,26.74,5.7464,0.4404
1933,Tropical,Australia-Oceania,26.25,5.047,0.0356
1933,Tropical,North America,24.5027,3.0969,-0.0679
1933,Tropical,Ocean / Unclassified,25.4873,4.1671,0.1285
1933,Tropical,South America,24.8725,4.2891,0.3947
1934,Polar,Antarctica,-31.9693,0.7636,-0.1613
1934,Polar,Asia,-16.7319,0.9098,0.1618
1934,Polar,Europe,-5.9044,1.8992,0.5719
1934,Polar,North America,-18.7727,0.7499,-0.1307
1934,Polar,Ocean / Unclassified,-19.3877,0.5542,-0.9647
1934,Temperate,Africa,19.7632,1.5409,-0.0201
1934,Temperate,Antarctica,-2.0928,2.3564,0.0431
1934,Temperate,Asia,5.358,2.2456,-0.0842
1934,Temperate,Australia-Oceania,16.1092,2.0799,0.2073
1934,Temperate,Europe,7.2134,2.1851,-0.2901
1934,Temperate,North America,6.7466,2.7197,0.0368
1934,Temperate,Ocean / Unclassified,11.5052,2.9804,-0.0534
1934,Temperate,South America,12.2185,2.4658,-0.1921
1934,Tropical,Africa,26.2432,2.0747,-0.0203
1934,Tropical,Asia,26.6472,5.4534,0.2187
1934,Tropical,Australia-Oceania,26.0444,5.5109,0.259
1934,Tropical,North America,24.8819,3.3932,0.1875
1934,Tropical,Ocean / Unclassified,25.8984,4.1957,-0.1558
1934,Tropical,South America,25.1759,4.3006,0.3641
1935,Polar,Antarctica,-30.7257,0.777,0.2937
1935,Polar,Asia,-16.536,0.794,-0.2474
1935,Polar,Europe,-4.6356,1.8288,0.3984
1935,Polar,North America,-17.7831,0.815,-0.4037
1935,Polar,Ocean / Unclassified,-18.593,0.5594,0.1538
1935,Temperate,Africa,19.6469,1.5812,0.271
1935,Temperate,Antarctica,-2.2044,2.3502,-0.0978
1935,Temperate,Asia,4.8781,2.4285,-0.068
1935,Temperate,Australia-Oceania,16.3119,2.1015,-0.2418
1935,Temperate,Europe,7.2594,2.3176,-0.2853
1935,Temperate,North America,7.0703,2.7,0.1834
1935,Temperate,Ocean / Unclassified,11.562,2.9691,0.091
1935,Temperate,South America,12.437,2.5271,0.2627
1935,Tropical,Africa,26.809,1.8794,-0.2806
1935,Tropical,Asia,27.1818,5.0987,-0.169
1935,Tropical,Australia-Oceania,26.4691,4.9628,-0.4427
1935,Tropical,North America,24.6272,2.5421,0.0686
1935,Tropical,Ocean / Unclassified,26.384,4.8484,-0.1027
1935,Tropical,South America,25.8946,4.2157,0.0022
1936,Polar,Antarctica,-32.204,0.7441,0.3328
1936,Polar,Asia,-16.8924,0.8867,-0.1258
1936,Polar,Europe,-5.4965,1.8242,0.4403
1936,Polar,North America,-17.325,0.7791,0.0107
1936,Polar,Ocean / Unclassified,-18.6096,0.5243,-0.6334
1936,Temperate,Africa,19.8362,1.4562,0.0093
1936,Temperate,Antarctica,-2.0343,2.4871,0.0335
1936,Temperate,Asia,4.9894,2.3496,0.0586
1936,Temperate,Australia-Oceania,16.1503,2.336,0.1451
1936,Temperate,Europe,7.6579,2.2245,-0.2287
1936,Temperate,North America,7.1691,2.6329,0.086
1936,Temperate,Ocean / Unclassified,11.5766,2.9216,0.0324
1936,Temperate,South America,12.4102,2.3136,0.065
1936,Tropical,Africa,26.5097,1.9595,-0.5188
1936,Tropical,Asia,27.127,5.0196,-0.0145
1936,Tropical,Australia-Oceania,26.5258,5.4369,-0.2365
1936,Tropical,North America,24.7722,2.9792,-0.2536
1936,Tropical,Ocean / Unclassified,25.8471,4.7052,0.0793
1936,Tropical,South America,25.2919,4.2789,0.1867
1937,Polar,Antarctica,-32.2884,0.7471,-0.1196
1937,Polar,Asia,-17.1126,0.9165,0.5756
1937,Polar,Europe,-6.1834,1.7611,0.5004
1937,Polar,North America,-18.8702,0.7957,-0.1292
1937,Polar,Ocean / Unclassified,-19.9908,0.5542,-0.166
1937,Temperate,Africa,19.8144,1.4944,-0.0517
1937,Temperate,Antarctica,-2.2386,2.4298,0.5393
1937,Temperate,Asia,5.065,2.2201,-0.1993
1937,Temperate,Australia-Oceania,16.3451,2.0848,0.2932
1937,Temperate,Europe,7.3147,2.2363,-0.4469
1937,Temperate,North America,6.9215,2.6028,-0.0248
1937,Temperate,Ocean / Unclassified,11.6181,2.9959,-0.0415
1937,Temperate,South America,12.7037,2.416,-0.2806
1937,Tropical,Africa,25.9779,2.1098,-0.2214
1937,Tropical,Asia,26.7496,5.6099,0.2295
1937,Tropical,Australia-Oceania,26.2164,5.5954,0.4808
1937,Tropical,North America,24.7514,3.4207,0.2582
1937,Tropical,Ocean / Unclassified,25.6952,4.1795,-0.0692
1937,Tropical,South America,24.9928,4.1363,0.3028
1938,Polar,Antarctica,-31.1914,0.7925,0.215
1938,Polar,Asia,-15.1496,0.8763,0.5366
1938,Polar,Europe,-4.1194,1.9111,0.5546
1938,Polar,North America,-17.2496,0.823,0.2557
1938,Polar,Ocean / Unclassified,-17.7413,0.6017,0.49
1938,Temperate,Africa,19.7019,1.6054,-0.0018
1938,Temperate,Antarctica,-2.0252,2.2463,-0.26
1938,Temperate,Asia,5.7996,2.4418,-0.1016
1938,Temperate,Australia-Oceania,16.392,2.0921,-0.278
1938,Temperate,Europe,8.1551,2.4569,0.1205
1938,Temperate,North America,7.3899,2.6133,0.138
1938,Temperate,Ocean / Unclassified,11.5329,3.0197,0.159
1938,Temperate,South America,12.3578,2.653,0.4218
1938,Tropical,Africa,26.534,1.9354,-0.1159
1938,Tropical,Asia,26.9796,4.7038,-0.2106
1938,Tropical,Australia-Oceania,26.2917,5.2702,-0.0227
1938,Tropical,North America,24.6819,3.0496,0.4182
1938,Tropical,Ocean / Unclassified,26.442,4.8493,-0.0484
1938,Tropical,South America,26.1504,3.8464,-0.3258
1939,Polar,Antarctica,-30.4276,0.761,0.6572
1939,Polar,Asia,-15.8776,0.8963,-0.0422
1939,Polar,Europe,-7.0222,1.5386,0.1373
1939,Polar,North America,-16.1839,0.815,0.5182
1939,Polar,Ocean / Unclassified,-18.12,0.5716,0.3859
1939,Temperate,Africa,20.0461,1.4759,0.1055
1939,Temperate,Antarctica,-1.8169,2.2917,-1.0076
1939,Temperate,Asia,5.5865,2.4108,0.3678
1939,Temperate,Australia-Oceania,16.1766,2.258,0.5848
1939,Temperate,Europe,6.8994,2.5235,0.5418
1939,Temperate,North America,7.2934,2.5821,-0.0953
1939,Temperate,Ocean / Unclassified,11.5203,2.983,0.3115
1939,Temperate,South America,12.6655,2.4636,0.5502
1939,Tropical,Africa,26.8385,2.0242,-0.1334
1939,Tropical,Asia,27.339,5.1583,-0.283
1939,Tropical,Australia-Oceania,26.702,4.9904,-0.3967
1939,Tropical,North America,24.8753,2.6652,0.0182
1939,Tropical,Ocean / Unclassified,26.4324,4.8115,0.0718
1939,Tropical,South America,26.1755,4.2867,-0.2304
1940,Polar,Antarctica,-32.0457,0.764,0.1912
1940,Polar,Asia,-15.0883,0.8016,0.161
1940,Polar,Europe,-5.1824,1.5498,-1.1275
1940,Polar,North America,-16.1839,0.8103,0.2066
1940,Polar,Ocean / Unclassified,-17.4719,0.5251,0.3723
1940,Temperate,Africa,19.7088,1.4432,-0.167
1940,Temperate,Antarctica,-2.6562,2.3983,-0.4668
1940,Temperate,Asia,4.9743,2.337,-0.064
1940,Temperate,Australia-Oceania,16.1332,2.2777,0.1688
1940,Temperate,Europe,7.5508,2.3152,0.2124
1940,Temperate,North America,7.4229,2.6019,-0.0019
1940,Temperate,Ocean / Unclassified,11.4571,2.9268,0.0411
1940,Temperate,South America,12.5462,2.2876,-0.172
1940,Tropical,Africa,26.2634,2.1467,-0.1654
1940,Tropical,Asia,26.8405,5.5521,0.2939
1940,Tropical,Australia-Oceania,26.4531,5.3831,0.2126
1940,Tropical,North America,24.7239,2.9788,-0.0407
1940,Tropical,Ocean / Unclassified,25.6061,4.2887,-0.0341
1940,Tropical,South America,25.1512,4.3816,0.332
1941,Polar,Antarctica,-32.5204,0.7066,-0.0556
1941,Polar,Asia,-16.9511,0.7694,-0.7682
1941,Polar,Europe,-5.2955,1.6998,-0.6682
1941,Polar,North America,-17.6863,0.8153,0.3254
1941,Polar,Ocean / Unclassified,-18.2779,0.5297,-0.5364
1941,Temperate,Africa,19.7465,1.3467,-0.5248
1941,Temperate,Antarctica,-2.5086,2.3862,0.0658
1941,Temperate,Asia,4.9157,2.4376,0.0507
1941,Temperate,Australia-Oceania,16.3876,2.3326,0.393
1941,Temperate,Europe,7.9135,2.2977,-0.2143
1941,Temperate,North America,6.96,2.5343,-0.0634
1941,Temperate,Ocean / Unclassified,11.3932,2.9757,-0.1165
1941,Temperate,South America,12.5662,2.3633,-0.42
1941,Tropical,Africa,26.1007,2.0238,-0.2806
1941,Tropical,Asia,26.7255,5.5196,0.3331
1941,Tropical,Australia-Oceania,26.2229,5.4225,0.3478
1941,Tropical,North America,24.4729,3.1859,0.1594
1941,Tropical,Ocean / Unclassified,25.4431,4.1859,-0.0109
1941,Tropical,South America,24.6884,4.4189,0.8199
1942,Polar,Antarctica,-33.2392,0.7236,-0.5125
1942,Polar,Asia,-15.4874,0.8706,-0.303
1942,Polar,Europe,-5.5787,1.8559,0.5311
1942,Polar,North America,-18.6071,0.7619,-0.357
1942,Polar,Ocean / Unclassified,-18.5108,0.5485,-0.5535
1942,Temperate,Africa,19.4804,1.4759,-0.2458
1942,Temperate,Antarctica,-2.7669,2.479,0.1835
1942,Temperate,Asia,5.0774,2.3128,0.0838
1942,Temperate,Australia-Oceania,16.1927,2.0191,-0.1583
1942,Temperate,Europe,8.0822,2.354,0.0187
1942,Temperate,North America,6.8141,2.6441,0.0505
1942,Temperate,Ocean / Unclassified,11.4692,2.9291,-0.0597
1942,Temperate,South America,12.6062,2.347,-0.0266
1942,Tropical,Africa,26.155,2.2859,0.0165
1942,Tropical,Asia,26.7821,5.1258,0.0154
1942,Tropical,Australia-Oceania,26.2182,5.808,0.3497
1942,Tropical,North America,24.6118,2.8314,0.1135
1942,Tropical,Ocean / Unclassified,25.7962,4.3075,-0.0644
1942,Tropical,South America,24.9853,4.1043,0.1559
1943,Polar,Antarctica,-32.012,0.7578,-0.3446
1943,Polar,Asia,-15.59,0.8446,0.0763
1943,Polar,Europe,-5.4417,1.9563,0.8419
1943,Polar,North America,-18.5883,0.7547,-0.377
1943,Polar,Ocean / Unclassified,-18.4818,0.5973,-0.0221
1943,Temperate,Africa,19.399,1.4733,0.0737
1943,Temperate,Antarctica,-2.5282,2.4079,0.5052
1943,Temperate,Asia,5.3181,2.2807,-0.0989
1943,Temperate,Australia-Oceania,16.3867,2.0069,-0.5231
1943,Temperate,Europe,8.0674,2.2592,-0.1729
1943,Temperate,North America,6.6022,2.7099,0.1524
1943,Temperate,Ocean / Unclassified,11.5392,3.008,-0.0311
1943,Temperate,South America,12.1106,2.5134,0.1751
1943,Tropical,Africa,26.2079,2.2311,0.3347
1943,Tropical,Asia,26.7317,5.1414,-0.0856
1943,Tropical,Australia-Oceania,26.1166,5.7753,0.3428
1943,Tropical,North America,24.7123,2.8131,-0.3001
1943,Tropical,Ocean / Unclassified,25.95,4.324,-0.1083
1943,Tropical,South America,25.3488,3.8203,-0.0424
1944,Polar,Antarctica,-32.1472,0.7282,0.1365
1944,Polar,Asia,-16.4912,0.7766,-0.6731
1944,Polar,Europe,-4.3216,1.6314,-0.19
1944,Polar,North America,-17.9457,0.8891,0.1682
1944,Polar,Ocean / Unclassified,-18.0208,0.5427,0.4705
1944,Temperate,Africa,19.5424,1.5662,0.3639
1944,Temperate,Antarctica,-2.194,2.3952,-0.0464
1944,Temperate,Asia,4.9521,2.4376,0.1321
1944,Temperate,Australia-Oceania,16.3793,2.1437,-0.017
1944,Temperate,Europe,8.0767,2.3631,0.042
1944,Temperate,North America,7.1466,2.55,0.0391
1944,Temperate,Ocean / Unclassified,11.482,2.941,0.0459
1944,Temperate,South America,12.4754,2.4328,0.0285
1944,Tropical,Africa,26.75,1.8697,-0.2383
1944,Tropical,Asia,27.2876,4.9341,-0.2372
1944,Tropical,Australia-Oceania,26.5661,5.3095,-0.1961
1944,Tropical,North America,24.5646,2.9718,-0.1783
1944,Tropical,Ocean / Unclassified,26.3336,4.7938,0.0039
1944,Tropical,South America,25.8459,4.3198,-0.2074
1945,Polar,Antarctica,-32.3105,0.7294,-0.1781
1945,Polar,Asia,-15.8496,0.7663,-0.3397
1945,Polar,Europe,-5.6007,1.5605,-0.2963
1945,Polar,North America,-17.9045,0.8117,0.4298
1945,Polar,Ocean / Unclassified,-17.8964,0.5449,0.0213
1945,Temperate,Africa,19.4429,1.4601,0.2184
1945,Temperate,Antarctica,-2.5029,2.459,0.0805
1945,Temperate,Asia,4.3799,2.271,-0.0013
1945,Temperate,Australia-Oceania,16.4574,2.1731,-0.0287
1945,Temperate,Europe,7.3671,2.2962,-0.1295
1945,Temperate,North America,6.9392,2.6227,-0.0626
1945,Temperate,Ocean / Unclassified,11.4539,2.9162,0.0324
1945,Temperate,South America,12.5877,2.2355,-0.2778
1945,Tropical,Africa,26.4366,2.333,0.116
1945,Tropical,Asia,26.834,5.2601,-0.0284
1945,Tropical,Australia-Oceania,26.6876,5.4683,0.0265
1945,Tropical,North America,24.8918,3.3511,0.2599
1945,Tropical,Ocean / Unclassified,25.8977,4.3679,0.1048
1945,Tropical,South America,25.3428,4.1153,0.3823
1946,Polar,Antarctica,-31.0032,0.7697,0.1286
1946,Polar,Asia,-16.6413,0.8912,-0.2962
1946,Polar,Europe,-5.5972,1.8206,-0.5473
1946,Polar,North America,-17.2186,0.7844,-0.1187
1946,Polar,Ocean / Unclassified,-19.2799,0.531,-0.3987
1946,Temperate,Africa,19.7627,1.7503,0.3423
1946,Temperate,Antarctica,-2.2866,2.2707,-0.006
1946,Temperate,Asia,5.5726,2.367,0.0502
1946,Temperate,Australia-Oceania,16.3378,2.1869,0.1131
1946,Temperate,Europe,8.1363,2.4104,0.0288
1946,Temperate,North America,6.8894,2.6921,0.1804
1946,Temperate,Ocean / Unclassified,11.4596,2.9428,-0.1425
1946,Temperate,South America,12.4611,2.5379,-0.0542
1946,Tropical,Africa,26.5537,1.9886,0.1353
1946,Tropical,Asia,26.9249,4.7657,-0.2664
1946,Tropical,Australia-Oceania,26.3961,5.0081,-0.0195
1946,Tropical,North America,24.9319,2.8156,0.1545
1946,Tropical,Ocean / Unclassified,26.3772,5.0323,0.1207
1946,Tropical,South America,25.9524,3.7159,-0.1193
1947,Polar,Antarctica,-31.3253,0.775,0.3082
1947,Polar,Asia,-16.9199,0.8943,0.3803
1947,Polar,Europe,-7.2374,1.7004,0.0014
1947,Polar,North America,-16.9088,0.8412,0.5023
1947,Polar,Ocean / Unclassified,-19.5357,0.5766,0.2332
1947,Temperate,Africa,19.7518,1.5829,0.6898
1947,Temperate,Antarctica,-2.4171,2.4329,-0.4077
1947,Temperate,Asia,5.8259,2.4234,0.3244
1947,Temperate,Australia-Oceania,16.6585,2.0185,-0.0521
1947,Temperate,Europe,7.375,2.448,0.4576
1947,Temperate,North America,7.0978,2.547,-0.0739
1947,Temperate,Ocean / Unclassified,11.4703,2.9602,0.1792
1947,Temperate,South America,12.6165,2.5109,0.3216
1947,Tropical,Africa,26.9321,1.9673,-0.3511
1947,Tropical,Asia,27.3705,5.0352,-0.4513
1947,Tropical,Australia-Oceania,26.5986,5.0542,-0.4212
1947,Tropical,North America,24.7618,2.4813,-0.5274
1947,Tropical,Ocean / Unclassified,26.4404,4.9436,0.2693
1947,Tropical,South America,26.2593,4.3941,-0.2727
1948,Polar,Antarctica,-32.4765,0.7076,0.0891
1948,Polar,Asia,-15.7044,0.912,0.4148
1948,Polar,Europe,-5.3164,1.8368,0.3269
1948,Polar,North America,-18.3843,0.798,0.5349
1948,Polar,Ocean / Unclassified,-18.9976,0.61,0.8476
1948,Temperate,Africa,19.6049,1.4153,-0.2609
1948,Temperate,Antarctica,-2.5196,2.4502,0.248
1948,Temperate,Asia,5.4864,2.4004,0.2106
1948,Temperate,Australia-Oceania,16.3708,2.2653,0.0454
1948,Temperate,Europe,8.3914,2.2452,-0.0718
1948,Temperate,North America,6.8051,2.6323,-0.0466
1948,Temperate,Ocean / Unclassified,11.4725,2.9337,0.0477
1948,Temperate,South America,12.7703,2.2381,-0.1463
1948,Tropical,Africa,26.1308,2.2446,0.2011
1948,Tropical,Asia,26.9551,5.3589,0.307
1948,Tropical,Australia-Oceania,26.5199,5.2362,-0.0868
1948,Tropical,North America,24.6787,3.1908,0.057
1948,Tropical,Ocean / Unclassified,25.494,4.3516,0.0317
1948,Tropical,South America,24.882,4.4055,0.5824
1949,Polar,Antarctica,-32.8057,0.6927,-0.5532
1949,Polar,Asia,-16.9473,0.8167,0.0493
1949,Polar,Europe,-5.6291,1.847,0.5994
1949,Polar,North America,-18.5525,0.7781,-0.2107
1949,Polar,Ocean / Unclassified,-19.5893,0.5233,0.1581
1949,Temperate,Africa,19.6975,1.4401,-0.2911
1949,Temperate,Antarctica,-3.1865,2.4433,0.2874
1949,Temperate,Asia,5.4828,2.3571,0.1703
1949,Temperate,Australia-Oceania,16.1286,2.2778,0.4313
1949,Temperate,Europe,8.4431,2.3202,-0.3022
1949,Temperate,North America,6.821,2.5527,0.049
1949,Temperate,Ocean / Unclassified,11.5106,2.9929,0.0077
1949,Temperate,South America,12.6372,2.2356,-0.4305
1949,Tropical,Africa,25.9225,1.8972,-0.2353
1949,Tropical,Asia,26.6042,5.4551,0.2909
1949,Tropical,Australia-Oceania,26.0731,5.3374,0.4531
1949,Tropical,North America,24.5081,3.1728,0.3274
1949,Tropical,Ocean / Unclassified,25.2622,4.1438,0.0799
1949,Tropical,South America,24.3408,4.7475,1.1293
1950,Polar,Antarctica,-31.7724,0.7073,-0.4455
1950,Polar,Asia,-15.8801,0.8722,-0.2515
1950,Polar,Europe,-4.896,1.804,0.2763
1950,Polar,North America,-18.3828,0.7488,-0.3069
1950,Polar,Ocean / Unclassified,-18.5219,0.5164,-0.7636
1950,Temperate,Africa,19.7352,1.5631,-0.2243
1950,Temperate,Antarctica,-2.5653,2.2107,-0.5389
1950,Temperate,Asia,5.2243,2.2736,-0.0221
1950,Temperate,Australia-Oceania,16.0063,2.1157,0.0943
1950,Temperate,Europe,8.067,2.3248,0.1585
1950,Temperate,North America,6.6336,2.6731,-0.0708
1950,Temperate,Ocean / Unclassified,11.4374,3.0677,0.2665
1950,Temperate,South America,12.3941,2.3598,-0.2481
1950,Tropical,Africa,26.0956,2.205,-0.3542
1950,Tropical,Asia,26.7107,5.457,0.2249
1950,Tropical,Australia-Oceania,26.1227,5.4307,0.1897
1950,Tropical,North America,24.7532,3.1435,-0.0362
1950,Tropical,Ocean / Unclassified,25.9228,4.211,-0.0934
1950,Tropical,South America,25.1785,3.8831,0.2891
1951,Polar,Antarctica,-32.1946,0.725,-0.1795
1951,Polar,Asia,-15.1211,0.8423,-0.2072
1951,Polar,Europe,-5.506,1.8137,0.0776
1951,Polar,North America,-16.8298,0.8124,-0.3049
1951,Polar,Ocean / Unclassified,-17.3385,0.5554,-0.5884
1951,Temperate,Africa,19.7016,1.6096,0.3365
1951,Temperate,Antarctica,-3.2662,2.3046,-0.6181
1951,Temperate,Asia,4.6038,2.3658,-0.0539
1951,Temperate,Australia-Oceania,16.1824,2.05,-0.2818
1951,Temperate,Europe,8.1883,2.4584,-0.0121
1951,Temperate,North America,7.0633,2.6956,0.2626
1951,Temperate,Ocean / Unclassified,11.4186,2.9198,0.1251
1951,Temperate,South America,12.2451,2.6019,0.3934
1951,Tropical,Africa,26.9348,1.8963,0.016
1951,Tropical,Asia,27.1657,4.8887,-0.2377
1951,Tropical,Australia-Oceania,26.4831,4.9253,-0.4852
1951,Tropical,North America,24.8044,2.3186,-0.2841
1951,Tropical,Ocean / Unclassified,26.5061,5.2315,0.0599
1951,Tropical,South America,26.4577,3.6704,-0.5408
1952,Polar,Antarctica,-32.1594,0.7354,-0.0233
1952,Polar,Asia,-16.6998,0.8808,0.2764
1952,Polar,Europe,-7.1698,1.6364,0.0444
1952,Polar,North America,-16.5784,0.815,0.3778
1952,Polar,Ocean / Unclassified,-18.5557,0.6202,0.7271
1952,Temperate,Africa,19.8217,1.4565,0.2795
1952,Temperate,Antarctica,-3.1284,2.3631,-0.5808
1952,Temperate,Asia,5.096,2.3356,0.1223
1952,Temperate,Australia-Oceania,16.5887,2.2058,0.0954
1952,Temperate,Europe,7.8742,2.3599,0.1912
1952,Temperate,North America,7.2329,2.6894,0.1082
1952,Temperate,Ocean / Unclassified,11.3058,2.9089,0.0427
1952,Temperate,South America,12.7462,2.4518,0.2778
1952,Tropical,Africa,26.657,1.9923,-0.4033
1952,Tropical,Asia,27.3171,5.139,-0.2108
1952,Tropical,Australia-Oceania,26.6333,4.9783,-0.3761
1952,Tropical,North America,24.8733,2.6302,-0.7363
1952,Tropical,Ocean / Unclassified,26.2463,4.9005,0.2778
1952,Tropical,South America,26.0713,4.1941,-0.4897
1953,Polar,Antarctica,-33.0835,0.7254,-0.1744
1953,Polar,Asia,-15.4715,0.9053,0.5722
1953,Polar,Europe,-6.0453,1.7655,-0.1204
1953,Polar,North America,-17.8105,0.8754,0.6249
1953,Polar,Ocean / Unclassified,-18.1923,0.5849,1.1085
1953,Temperate,Africa,19.4737,1.4674,-0.2632
1953,Temperate,Antarctica,-2.924,2.4763,0.12
1953,Temperate,Asia,5.2461,2.2451,-0.0509
1953,Temperate,Australia-Oceania,16.1815,2.3486,0.3363
1953,Temperate,Europe,8.1285,2.4131,0.2453
1953,Temperate,North America,6.8802,2.6465,0.1217
1953,Temperate,Ocean / Unclassified,11.4302,2.9056,-0.1553
1953,Temperate,South America,12.593,2.1838,-0.381
1953,Tropical,Africa,25.8572,2.3576,0.128
1953,Tropical,Asia,26.7338,5.6432,0.2988
1953,Tropical,Australia-Oceania,26.3248,5.2039,0.1074
1953,Tropical,North America,24.8418,3.6242,0.4674
1953,Tropical,Ocean / Unclassified,25.55,4.1192,0.0727
1953,Tropical,South America,24.8936,4.0256,0.0942
1954,Polar,Antarctica,-32.1445,0.7372,-0.387
1954,Polar,Asia,-16.739,0.7777,0.0478
1954,Polar,Europe,-6.1388,1.5593,-0.2748
1954,Polar,North America,-17.5419,0.7803,0.5233
1954,Polar,Ocean / Unclassified,-18.2327,0.5582,0.6197
1954,Temperate,Africa,19.7809,1.5522,0.0198
1954,Temperate,Antarctica,-2.643,2.3715,0.4893
1954,Temperate,Asia,4.6753,2.2104,-0.1745
1954,Temperate,Australia-Oceania,16.0293,2.1427,0.0791
1954,Temperate,Europe,7.3046,2.3465,-0.1322
1954,Temperate,North America,7.0301,2.635,-0.0215
1954,Temperate,Ocean / Unclassified,11.459,3.0017,-0.0796
1954,Temperate,South America,12.6637,2.3828,-0.5046
1954,Tropical,Africa,26.0696,2.1117,0.2904
1954,Tropical,Asia,26.703,5.4427,0.2091
1954,Tropical,Australia-Oceania,26.3122,5.4993,0.1431
1954,Tropical,North America,24.7379,3.1384,0.2261
1954,Tropical,Ocean / Unclassified,25.8679,4.2916,-0.0534
1954,Tropical,South America,25.2153,3.9261,0.036
1955,Polar,Antarctica,-31.4806,0.7537,0.4053
1955,Polar,Asia,-16.1172,0.8622,-0.4217
1955,Polar,Europe,-7.0598,1.7451,-0.6932
1955,Polar,North America,-16.6375,0.8087,-0.0922
1955,Polar,Ocean / Unclassified,-18.573,0.5114,-0.3482
1955,Temperate,Africa,19.5688,1.5534,-0.0361
1955,Temperate,Antarctica,-2.3149,2.2881,-0.6943
1955,Temperate,Asia,5.0947,2.3335,-0.0507
1955,Temperate,Australia-Oceania,16.3072,2.2084,-0.0329
1955,Temperate,Europe,8.2941,2.5622,0.8113
1955,Temperate,North America,7.3023,2.6663,0.0734
1955,Temperate,Ocean / Unclassified,11.429,2.9837,0.185
1955,Temperate,South America,12.5276,2.4919,0.2586
1955,Tropical,Africa,26.3749,2.0332,0.2149
1955,Tropical,Asia,27.1056,5.1967,-0.109
1955,Tropical,Australia-Oceania,26.5106,5.2184,-0.1902
1955,Tropical,North America,24.5356,2.5199,-0.2033
1955,Tropical,Ocean / Unclassified,26.3062,4.7218,-0.0201
1955,Tropical,South America,26.0757,3.8698,-0.4912
1956,Polar,Antarctica,-31.902,0.7372,0.0988
1956,Polar,Asia,-17.094,0.759,-0.5431
1956,Polar,Europe,-5.9589,1.7817,-0.1194
1956,Polar,North America,-17.7975,0.8126,0.4047
1956,Polar,Ocean / Unclassified,-19.3413,0.5211,-0.7401
1956,Temperate,Africa,19.6643,1.5857,0.183
1956,Temperate,Antarctica,-2.5843,2.3401,-0.4575
1956,Temperate,Asia,4.6339,2.3009,-0.1404
1956,Temperate,Australia-Oceania,16.2685,2.0907,0.0182
1956,Temperate,Europe,7.6218,2.3215,0.3053
1956,Temperate,North America,7.072,2.6394,0.1112
1956,Temperate,Ocean / Unclassified,11.4483,2.9863,0.1189
1956,Temperate,South America,12.4747,2.463,0.2489
1956,Tropical,Africa,26.4389,2.0643,-0.0127
1956,Tropical,Asia,27.1062,5.2531,0.0804
1956,Tropical,Australia-Oceania,26.4675,5.1147,-0.2956
1956,Tropical,North America,24.69,2.8394,-0.3526
1956,Tropical,Ocean / Unclassified,26.3756,4.6801,0.002
1956,Tropical,South America,26.2581,3.7037,-0.6498
1957,Polar,Antarctica,-31.6648,0.7461,-0.0728
1957,Polar,Asia,-15.6328,0.9155,-0.335
1957,Polar,Europe,-5.4016,1.8768,0.5466
1957,Polar,North America,-16.5655,0.7791,-0.0113
1957,Polar,Ocean / Unclassified,-17.6021,0.5487,-0.394
1957,Temperate,Africa,19.9742,1.5362,0.4211
1957,Temperate,Antarctica,-2.8786,2.3511,-0.2624
1957,Temperate,Asia,4.7861,2.4326,0.1257
1957,Temperate,Australia-Oceania,16.4572,2.1958,-0.0366
1957,Temperate,Europe,7.3813,2.5299,0.3543
1957,Temperate,North America,7.0476,2.5666,-0.1128
1957,Temperate,Ocean / Unclassified,11.2924,2.8772,0.0063
1957,Temperate,South America,12.248,2.4382,-0.0301
1957,Tropical,Africa,26.9513,1.8133,-0.3323
1957,Tropical,Asia,27.2603,5.1103,-0.1799
1957,Tropical,Australia-Oceania,26.5605,5.2661,-0.2403
1957,Tropical,North America,24.7198,2.8877,0.0868
1957,Tropical,Ocean / Unclassified,26.2748,4.816,0.1428
1957,Tropical,South America,26.1275,4.3396,-0.287
1958,Polar,Antarctica,-31.1285,0.7632,0.48
1958,Polar,Asia,-18.0387,0.8285,0.2209
1958,Polar,Europe,-6.4898,1.7334,0.7644
1958,Polar,North America,-18.4199,0.8123,0.1679
1958,Polar,Ocean / Unclassified,-20.3019,0.5661,-0.0204
1958,Temperate,Africa,19.9202,1.4664,0.0156
1958,Temperate,Antarctica,-2.4825,2.3456,-0.3047
1958,Temperate,Asia,5.408,2.3076,0.1325
1958,Temperate,Australia-Oceania,16.4769,2.0389,-0.2205
1958,Temperate,Europe,7.8326,2.2794,-0.0699
1958,Temperate,North America,6.7724,2.5885,-0.1333
1958,Temperate,Ocean / Unclassified,11.3572,2.9313,-0.137
1958,Temperate,South America,12.3924,2.3738,-0.143
1958,Tropical,Africa,26.375,2.4597,-0.2229
1958,Tropical,Asia,26.8884,5.5439,0.2134
1958,Tropical,Australia-Oceania,26.5022,5.3292,0.0867
1958,Tropical,North America,24.9203,3.4401,0.3347
1958,Tropical,Ocean / Unclassified,25.8526,4.1366,0.0488
1958,Tropical,South America,25.3349,4.1169,0.4767
1959,Polar,Antarctica,-30.8538,0.7691,0.4306
1959,Polar,Asia,-16.3316,0.8308,0.0263
1959,Polar,Europe,-7.4728,1.8898,0.2816
1959,Polar,North America,-18.8925,0.7988,-0.0372
1959,Polar,Ocean / Unclassified,-19.3643,0.5806,0.5504
1959,Temperate,Africa,19.6761,1.5099,-0.0365
1959,Temperate,Antarctica,-2.3218,2.3454,-0.3433
1959,Temperate,Asia,5.1584,2.2774,0.0981
1959,Temperate,Australia-Oceania,16.1134,2.1689,-0.1689
1959,Temperate,Europe,7.8297,2.2778,-0.4852
1959,Temperate,North America,6.7871,2.6467,-0.0461
1959,Temperate,Ocean / Unclassified,11.3988,2.9793,-0.0317
1959,Temperate,South America,12.5861,2.4206,0.115
1959,Tropical,Africa,26.1349,2.1931,0.53
1959,Tropical,Asia,26.7015,5.4359,0.1975
1959,Tropical,Australia-Oceania,26.3298,5.6678,0.2377
1959,Tropical,North America,24.8784,3.4249,0.517
1959,Tropical,Ocean / Unclassified,25.9039,4.1611,-0.1486
1959,Tropical,South America,25.5257,3.8549,-0.2225
1960,Polar,Antarctica,-30.9175,0.7723,0.3278
1960,Polar,Asia,-15.2153,0.8537,-0.1403
1960,Polar,Europe,-5.1608,1.7081,0.2423
1960,Polar,North America,-17.3012,0.7622,-0.0555
1960,Polar,Ocean / Unclassified,-18.1958,0.5696,0.8231
1960,Temperate,Africa,19.6634,1.7253,0.3792
1960,Temperate,Antarctica,-2.649,2.3057,-0.3165
1960,Temperate,Asia,4.8979,2.32,-0.1678
1960,Temperate,Australia-Oceania,16.4254,2.1894,-0.1939
1960,Temperate,Europe,7.9262,2.5518,0.5097
1960,Temperate,North America,7.1133,2.6428,-0.0076
1960,Temperate,Ocean / Unclassified,11.3411,2.9466,-0.0022
1960,Temperate,South America,12.2859,2.4005,-0.1616
1960,Tropical,Africa,26.5002,2.0907,0.2857
1960,Tropical,Asia,27.0909,4.8632,-0.1418
1960,Tropical,Australia-Oceania,26.4001,5.1105,-0.0709
1960,Tropical,North America,24.6885,2.6467,-0.0292
1960,Tropical,Ocean / Unclassified,26.4676,5.0071,-0.021
1960,Tropical,South America,26.4468,3.4444,-0.7123
1961,Polar,Antarctica,-32.5718,0.7137,0.2978
1961,Polar,Asia,-16.7112,0.876,0.1724
1961,Polar,Europe,-4.5173,1.7307,-0.1724
1961,Polar,North America,-17.6387,0.8385,0.0423
1961,Polar,Ocean / Unclassified,-19.6069,0.5805,0.5732
1961,Temperate,Africa,19.7468,1.5331,0.4014
1961,Temperate,Antarctica,-2.6585,2.5094,-0.0419
1961,Temperate,Asia,4.8149,2.4025,0.1183
1961,Temperate,Australia-Oceania,16.466,2.3279,0.4263
1961,Temperate,Europe,7.5287,2.3725,0.5184
1961,Temperate,North America,6.8984,2.5017,-0.1582
1961,Temperate,Ocean / Unclassified,11.4335,2.8789,-0.0407
1961,Temperate,South America,12.9766,2.3836,-0.0905
1961,Tropical,Africa,26.9191,2.1755,0.3087
1961,Tropical,Asia,27.3537,5.0812,-0.3165
1961,Tropical,Australia-Oceania,26.6261,4.9537,-0.4554
1961,Tropical,North America,24.5738,2.622,-0.3122
1961,Tropical,Ocean / Unclassified,26.3352,4.8168,0.177
1961,Tropical,South America,26.3001,4.2605,-0.6016
1962,Polar,Antarctica,-32.0531,0.7559,-0.035
1962,Polar,Asia,-16.2493,0.8615,0.2622
1962,Polar,Europe,-6.04,1.8802,0.6386
1962,Polar,North America,-19.0858,0.8024,0.1899
1962,Polar,Ocean / Unclassified,-19.2427,0.5542,0.7037
1962,Temperate,Africa,19.6583,1.5045,0.0026
1962,Temperate,Antarctica,-2.7557,2.4745,0.462
1962,Temperate,Asia,4.9076,2.3653,0.0631
1962,Temperate,Australia-Oceania,16.0668,2.3629,0.2417
1962,Temperate,Europe,7.2794,2.0681,-0.7038
1962,Temperate,North America,6.2467,2.5869,-0.1306
1962,Temperate,Ocean / Unclassified,11.3638,2.8679,-0.2111
1962,Temperate,South America,12.7331,2.1536,-0.2226
1962,Tropical,Africa,26.2475,2.1552,0.1299
1962,Tropical,Asia,26.8722,5.5865,0.5004
1962,Tropical,Australia-Oceania,26.3619,5.0625,0.0227
1962,Tropical,North America,24.5721,3.1412,-0.0001
1962,Tropical,Ocean / Unclassified,25.2423,4.3174,0.1161
1962,Tropical,South America,24.6046,4.5361,0.5939
1963,Polar,Antarctica,-32.2259,0.7181,-0.1333
1963,Polar,Asia,-16.0812,0.9259,0.4395
1963,Polar,Europe,-7.1018,1.7888,0.6466
1963,Polar,North America,-18.7833,0.8006,0.0063
1963,Polar,Ocean / Unclassified,-19.4367,0.5181,-0.2619
1963,Temperate,Africa,19.3879,1.3479,-0.6514
1963,Temperate,Antarctica,-2.5857,2.4043,0.2926
1963,Temperate,Asia,5.4592,2.3235,0.1474
1963,Temperate,Australia-Oceania,16.2338,2.4241,0.7859
1963,Temperate,Europe,7.7049,2.2317,-0.3317
1963,Temperate,North America,6.3728,2.5312,-0.1615
1963,Temperate,Ocean / Unclassified,11.3799,2.9403,-0.3032
1963,Temperate,South America,12.168,2.3379,-0.278
1963,Tropical,Africa,25.3522,1.9182,-0.084
1963,Tropical,Asia,26.2156,5.3845,0.3202
1963,Tropical,Australia-Oceania,25.8697,5.2603,0.5658
1963,Tropical,North America,24.4156,3.7452,0.6341
1963,Tropical,Ocean / Unclassified,25.14,4.1012,0.0247
1963,Tropical,South America,24.2335,4.4431,0.6557
1964,Polar,Antarctica,-32.543,0.7245,-0.407
1964,Polar,Asia,-17.0988,0.8052,0.0472
1964,Polar,Europe,-5.1998,1.7211,-0.2572
1964,Polar,North America,-17.677,0.8163,-0.0699
1964,Polar,Ocean / Unclassified,-18.9376,0.5437,-0.4968
1964,Temperate,Africa,19.3728,1.6294,0.1144
1964,Temperate,Antarctica,-2.6341,2.3179,-0.2677
1964,Temperate,Asia,4.319,2.3366,-0.1304
1964,Temperate,Australia-Oceania,16.1934,1.998,-0.0297
1964,Temperate,Europe,7.3308,2.3701,-0.1356
1964,Temperate,North America,6.4827,2.587,-0.0921
1964,Temperate,Ocean / Unclassified,11.2663,2.9239,-0.1349
1964,Temperate,South America,12.0473,2.6021,0.0529
1964,Tropical,Africa,26.2253,1.9542,-0.4126
1964,Tropical,Asia,26.6763,4.5362,-0.3035
1964,Tropical,Australia-Oceania,25.8701,5.1944,0.0823
1964,Tropical,North America,24.346,2.6713,0.3601
1964,Tropical,Ocean / Unclassified,26.082,4.8398,-0.1507
1964,Tropical,South America,25.7444,3.8663,-0.001
1965,Polar,Antarctica,-31.8874,0.7096,-0.3225
1965,Polar,Asia,-16.5502,0.796,-0.7179
1965,Polar,Europe,-5.8031,1.8548,0.2466
1965,Polar,North America,-18.5672,0.7212,-0.4244
1965,Polar,Ocean / Unclassified,-19.6041,0.5207,-0.7035
1965,Temperate,Africa,19.4756,1.5519,0.3912
1965,Temperate,Antarctica,-2.4757,2.3913,-0.4013
1965,Temperate,Asia,5.004,2.4144,0.0883
1965,Temperate,Australia-Oceania,16.1491,2.227,-0.0972
1965,Temperate,Europe,7.0872,2.3342,0.2188
1965,Temperate,North America,6.4888,2.5139,-0.1833
1965,Temperate,Ocean / Unclassified,11.319,2.8981,-0.0394
1965,Temperate,South America,12.3196,2.4206,0.2207
1965,Tropical,Africa,26.631,1.9064,-0.3056
1965,Tropical,Asia,27.1396,5.1531,-0.4768
1965,Tropical,Australia-Oceania,26.3671,4.9373,-0.3968
1965,Tropical,North America,24.3425,2.6142,-0.5199
1965,Tropical,Ocean / Unclassified,26.0785,4.8235,0.195
1965,Tropical,South America,25.733,4.5396,-0.2361
1966,Polar,Antarctica,-32.4259,0.6997,-0.3332
1966,Polar,Asia,-17.516,0.7927,-0.4571
1966,Polar,Europe,-5.6492,1.7302,0.3065
1966,Polar,North America,-18.6263,0.7904,-0.4882
1966,Polar,Ocean / Unclassified,-19.2149,0.591,-0.0854
1966,Temperate,Africa,19.3367,1.3422,-0.5063
1966,Temperate,Antarctica,-2.6678,2.4266,0.1777
1966,Temperate,Asia,5.1116,2.3268,-0.0757
1966,Temperate,Australia-Oceania,16.0997,2.2913,0.4178
1966,Temperate,Europe,7.1468,2.217,-0.4355
1966,Temperate,North America,6.627,2.554,-0.1136
1966,Temperate,Ocean / Unclassified,11.3637,2.8859,-0.1879
1966,Temperate,South America,12.3984,2.2436,-0.2278
1966,Tropical,Africa,25.8094,2.0454,-0.3486
1966,Tropical,Asia,26.5062,5.5546,0.6427
1966,Tropical,Australia-Oceania,26.1602,5.389,0.2221
1966,Tropical,North America,24.5267,3.5244,0.3123
1966,Tropical,Ocean / Unclassified,25.1979,4.2233,0.0428
1966,Tropical,South America,24.5318,4.2578,0.4717
1967,Polar,Antarctica,-32.0151,0.7561,-0.1042
1967,Polar,Asia,-18.4597,0.7915,-0.6745
1967,Polar,Europe,-7.6234,1.5298,-0.5302
1967,Polar,North America,-18.3808,0.7821,-0.195
1967,Polar,Ocean / Unclassified,-20.4288,0.519,-0.2256
1967,Temperate,Africa,19.6028,1.4996,-0.501
1967,Temperate,Antarctica,-2.7376,2.2665,-0.2098
1967,Temperate,Asia,4.2823,2.2305,-0.1229
1967,Temperate,Australia-Oceania,15.9081,2.2904,0.2663
1967,Temperate,Europe,6.8455,2.412,-0.2209
1967,Temperate,North America,6.7845,2.6357,-0.1164
1967,Temperate,Ocean / Unclassified,11.3699,2.9637,-0.1386
1967,Temperate,South America,12.3446,2.4496,-0.2519
1967,Tropical,Africa,25.9842,1.8965,-0.4975
1967,Tropical,Asia,26.5452,5.3201,0.1406
1967,Tropical,Australia-Oceania,25.9769,5.303,0.4282
1967,Tropical,North America,24.6815,3.019,0.2735
1967,Tropical,Ocean / Unclassified,25.9277,4.5254,-0.0299
1967,Tropical,South America,25.1921,3.7185,0.1279
1968,Polar,Antarctica,-31.648,0.758,0.3165
1968,Polar,Asia,-17.273,0.8414,-0.1448
1968,Polar,Europe,-7.0529,1.4403,-1.4384
1968,Polar,North America,-16.9197,0.7544,-0.0445
1968,Polar,Ocean / Unclassified,-18.5107,0.5051,-0.5922
1968,Temperate,Africa,19.6217,1.6217,0.3171
1968,Temperate,Antarctica,-2.456,2.3099,-0.9018
1968,Temperate,Asia,4.6154,2.3378,0.0689
1968,Temperate,Australia-Oceania,16.0198,2.1125,0.1203
1968,Temperate,Europe,6.7674,2.4822,0.5224
1968,Temperate,North America,6.808,2.6276,-0.0444
1968,Temperate,Ocean / Unclassified,11.4425,2.9674,0.1017
1968,Temperate,South America,12.2293,2.4429,0.2448
1968,Tropical,Africa,26.7656,2.0056,-0.3905
1968,Tropical,Asia,27.0804,5.026,-0.2433
1968,Tropical,Australia-Oceania,26.4087,5.2257,-0.3069
1968,Tropical,North America,24.5217,2.5891,-0.357
1968,Tropical,Ocean / Unclassified,26.4184,4.8699,0.0875
1968,Tropical,South America,26.4558,3.7445,-0.8362
1969,Polar,Antarctica,-32.3043,0.7413,-0.0225
1969,Polar,Asia,-17.275,0.7861,-0.5479
1969,Polar,Europe,-7.043,1.7775,-1.2835
1969,Polar,North America,-17.1918,0.8058,-0.0666
1969,Polar,Ocean / Unclassified,-19.533,0.579,-0.4719
1969,Temperate,Africa,19.9027,1.5635,0.0365
1969,Temperate,Antarctica,-2.5812,2.4832,-0.151
1969,Temperate,Asia,5.0737,2.4216,0.1319
1969,Temperate,Australia-Oceania,16.3358,2.187,0.0205
1969,Temperate,Europe,7.121,2.3241,0.3257
1969,Temperate,North America,6.6709,2.5587,-0.1163
1969,Temperate,Ocean / Unclassified,11.3694,2.885,0.0718
1969,Temperate,South America,12.6447,2.3952,0.1467
1969,Tropical,Africa,26.7387,1.9798,-0.2959
1969,Tropical,Asia,27.2449,5.1729,-0.0236
1969,Tropical,Australia-Oceania,26.6402,4.7791,-0.3468
1969,Tropical,North America,24.6466,2.5519,-0.2913
1969,Tropical,Ocean / Unclassified,26.4133,5.0733,0.1096
1969,Tropical,South America,26.1664,4.0747,-0.2807
1970,Polar,Antarctica,-31.3175,0.7571,0.4639
1970,Polar,Asia,-16.2872,0.8512,-0.0593
1970,Polar,Europe,-8.0077,1.7193,0.3245
1970,Polar,North America,-18.3737,0.7741,-0.1733
1970,Polar,Ocean / Unclassified,-19.9305,0.5306,0.0421
1970,Temperate,Africa,19.5838,1.4543,-0.0791
1970,Temperate,Antarctica,-2.4702,2.3531,0.1877
1970,Temperate,Asia,5.3756,2.391,0.2773
1970,Temperate,Australia-Oceania,16.3964,2.1658,-0.1191
1970,Temperate,Europe,7.4985,2.2931,-0.2635
1970,Temperate,North America,6.3059,2.5754,-0.0349
1970,Temperate,Ocean / Unclassified,11.5025,2.9549,-0.1547
1970,Temperate,South America,12.3391,2.3754,-0.0692
1970,Tropical,Africa,26.1792,2.1993,0.0408
1970,Tropical,Asia,26.7635,5.1989,0.0976
1970,Tropical,Australia-Oceania,26.3355,5.4392,-0.0756
1970,Tropical,North America,24.5289,3.2161,-0.311
1970,Tropical,Ocean / Unclassified,25.5797,4.3254,0.0729
1970,Tropical,South America,25.1181,4.1251,0.0568
1971,Polar,Antarctica,-31.3213,0.734,-0.1462
1971,Polar,Asia,-16.2776,0.9326,0.4462
1971,Polar,Europe,-6.6892,1.658,0.3439
1971,Polar,North America,-19.1686,0.7801,0.0931
1971,Polar,Ocean / Unclassified,-20.1935,0.5248,0.2715
1971,Temperate,Africa,19.1738,1.4557,0.1015
1971,Temperate,Antarctica,-2.8338,2.3762,0.0361
1971,Temperate,Asia,5.4713,2.3735,0.1224
1971,Temperate,Australia-Oceania,15.9678,2.3726,0.5547
1971,Temperate,Europe,7.5776,2.2356,-0.454
1971,Temperate,North America,6.3412,2.5232,-0.1907
1971,Temperate,Ocean / Unclassified,11.5329,2.9784,-0.1452
1971,Temperate,South America,12.3787,2.2564,-0.3576
1971,Tropical,Africa,25.9299,1.9978,-0.1816
1971,Tropical,Asia,26.5113,5.3256,0.1239
1971,Tropical,Australia-Oceania,26.0839,5.2291,0.2876
1971,Tropical,North America,24.4926,3.6336,0.4904
1971,Tropical,Ocean / Unclassified,25.357,4.1746,-0.0156
1971,Tropical,South America,24.5359,4.3058,0.3891
1972,Polar,Antarctica,-31.9424,0.7439,0.0196
1972,Polar,Asia,-14.1435,0.9303,0.9319
1972,Polar,Europe,-5.3123,1.7913,-0.128
1972,Polar,North America,-18.5839,0.7611,-0.1204
1972,Polar,Ocean / Unclassified,-17.5795,0.5771,-0.1756
1972,Temperate,Africa,19.3028,1.4999,-0.2011
1972,Temperate,Antarctica,-2.6329,2.2717,-0.7941
1972,Temperate,Asia,4.7998,2.2284,-0.056
1972,Temperate,Australia-Oceania,16.1179,1.9662,0.0938
1972,Temperate,Europe,7.5148,2.2665,-0.3984
1972,Temperate,North America,6.4024,2.6314,-0.1035
1972,Temperate,Ocean / Unclassified,11.4524,3.0331,0.1688
1972,Temperate,South America,12.3366,2.5267,0.3285
1972,Tropical,Africa,25.9361,2.3613,-0.0228
1972,Tropical,Asia,26.5599,4.7764,-0.2048
1972,Tropical,Australia-Oceania,25.9467,5.436,0.1525
1972,Tropical,North America,24.6396,3.1643,0.463
1972,Tropical,Ocean / Unclassified,26.0072,4.5722,-0.0902
1972,Tropical,South America,25.3154,3.9413,0.1507
1973,Polar,Antarctica,-31.5632,0.7646,0.2461
1973,Polar,Asia,-16.1568,0.8739,0.0564
1973,Polar,Europe,-6.3722,1.5672,-0.7095
1973,Polar,North America,-18.0699,0.7761,-0.544
1973,Polar,Ocean / Unclassified,-19.3177,0.4725,-0.5007
1973,Temperate,Africa,19.8049,1.5583,0.1702
1973,Temperate,Antarctica,-2.4545,2.4306,-0.0798
1973,Temperate,Asia,5.226,2.418,0.1029
1973,Temperate,Australia-Oceania,16.4,2.0306,-0.3745
1973,Temperate,Europe,7.5144,2.4719,0.3794
1973,Temperate,North America,6.7159,2.5548,-0.0991
1973,Temperate,Ocean / Unclassified,11.4601,2.9507,0.0382
1973,Temperate,South America,12.4624,2.4107,0.1329
1973,Tropical,Africa,26.6381,2.2377,0.79
1973,Tropical,Asia,27.1356,5.0627,-0.4104
1973,Tropical,Australia-Oceania,26.5054,4.8074,-0.487
1973,Tropical,North America,24.4204,2.6724,-0.2238
1973,Tropical,Ocean / Unclassified,26.2954,4.7727,0.0256
1973,Tropical,South America,26.1302,4.1357,-0.1808
1974,Polar,Antarctica,-31.8823,0.7064,0.0264
1974,Polar,Asia,-16.478,0.8587,0.0977
1974,Polar,Europe,-7.0494,1.6103,-0.8597
1974,Polar,North America,-18.5061,0.8029,0.0389
1974,Polar,Ocean / Unclassified,-19.2466,0.526,-0.8365
1974,Temperate,Africa,19.7546,1.4093,-0.1425
1974,Temperate,Antarctica,-2.677,2.4572,0.1451
1974,Temperate,Asia,4.9938,2.2695,0.0587
1974,Temperate,Australia-Oceania,16.5149,2.0903,-0.3725
1974,Temperate,Europe,7.0355,2.3232,0.1711
1974,Temperate,North America,6.5978,2.5767,-0.0008
1974,Temperate,Ocean / Unclassified,11.4993,2.9492,0.0132
1974,Temperate,South America,12.5118,2.3408,-0.218
1974,Tropical,Africa,26.2479,2.353,0.6024
1974,Tropical,Asia,26.8128,5.6837,0.3087
1974,Tropical,Australia-Oceania,26.5112,5.2709,-0.138
1974,Tropical,North America,24.7465,3.2618,0.1678
1974,Tropical,Ocean / Unclassified,25.8463,4.1905,-0.0491
1974,Tropical,South America,25.4422,3.9461,0.1836
1975,Polar,Antarctica,-32.0847,0.7342,-0.1211
1975,Polar,Asia,-15.078,0.9216,0.6239
1975,Polar,Europe,-5.9262,1.7475,-0.2381
1975,Polar,North America,-18.8709,0.7721,0.1256
1975,Polar,Ocean / Unclassified,-19.0194,0.5357,-0.2337
1975,Temperate,Africa,19.4897,1.3838,-0.44
1975,Temperate,Antarctica,-2.6646,2.4225,0.2897
1975,Temperate,Asia,5.1839,2.2252,-0.1439
1975,Temperate,Australia-Oceania,16.5246,2.2512,-0.2857
1975,Temperate,Europe,7.1514,2.3928,0.0898
1975,Temperate,North America,6.6418,2.6602,-0.0198
1975,Temperate,Ocean / Unclassified,11.5713,2.9109,-0.1162
1975,Temperate,South America,12.4254,2.2097,-0.1499
1975,Tropical,Africa,26.2228,2.1035,0.1329
1975,Tropical,Asia,26.6574,5.3218,0.2355
1975,Tropical,Australia-Oceania,26.3867,5.5468,0.0931
1975,Tropical,North America,24.6339,3.0773,0.3443
1975,Tropical,Ocean / Unclassified,25.6743,4.3345,-0.0468
1975,Tropical,South America,25.1323,3.9313,-0.3181
1976,Polar,Antarctica,-31.955,0.748,0.0973
1976,Polar,Asia,-16.0231,0.9065,0.7601
1976,Polar,Europe,-5.9595,1.7333,0.1011
1976,Polar,North America,-17.5968,0.7869,-0.0512
1976,Polar,Ocean / Unclassified,-18.8799,0.5461,-0.1306
1976,Temperate,Africa,19.39,1.6035,0.0871
1976,Temperate,Antarctica,-2.4,2.4306,0.1514
1976,Temperate,Asia,4.6031,2.2483,-0.3553
1976,Temperate,Australia-Oceania,16.4777,2.0818,0.0644
1976,Temperate,Europe,7.4523,2.2843,-0.1392
1976,Temperate,North America,7.0497,2.6951,0.1273
1976,Temperate,Ocean / Unclassified,11.5602,2.9964,-0.0692
1976,Temperate,South America,12.1227,2.4163,-0.3929
1976,Tropical,Africa,26.353,2.1513,-0.1042
1976,Tropical,Asia,26.7681,5.0335,-0.0131
1976,Tropical,Australia-Oceania,26.2835,5.2907,0.005
1976,Tropical,North America,24.6988,2.7724,-0.1712
1976,Tropical,Ocean / Unclassified,26.1576,4.6334,0.0335
1976,Tropical,South America,25.6759,3.6025,-0.3238
1977,Polar,Antarctica,-31.7556,0.7511,-0.1869
1977,Polar,Asia,-16.6728,0.8385,0.1046
1977,Polar,Europe,-6.3702,1.741,-0.1052
1977,Polar,North America,-17.5361,0.8458,0.2062
1977,Polar,Ocean / Unclassified,-18.4466,0.5469,-0.4075
1977,Temperate,Africa,19.5907,1.5732,0.393
1977,Temperate,Antarctica,-2.3972,2.3638,0.2254
1977,Temperate,Asia,5.0568,2.37,0.1428
1977,Temperate,Australia-Oceania,16.1775,2.1742,-0.0601
1977,Temperate,Europe,7.6597,2.2851,0.0295
1977,Temperate,North America,7.0596,2.6378,0.0908
1977,Temperate,Ocean / Unclassified,11.4049,2.9314,0.1397
1977,Temperate,South America,12.5384,2.5129,0.2525
1977,Tropical,Africa,26.8773,2.0862,0.1118
1977,Tropical,Asia,27.2342,5.0751,-0.3712
1977,Tropical,Australia-Oceania,26.6439,5.016,-0.3868
1977,Tropical,North America,24.5063,2.485,-0.5098
1977,Tropical,Ocean / Unclassified,26.4218,4.9088,0.1427
1977,Tropical,South America,26.1533,3.8749,-0.4758
1978,Polar,Antarctica,-31.5586,0.7346,0.3081
1978,Polar,Asia,-15.6884,0.8343,0.0758
1978,Polar,Europe,-6.7937,1.5507,-0.7962
1978,Polar,North America,-18.16,0.7718,0.1146
1978,Polar,Ocean / Unclassified,-18.178,0.5834,0.6077
1978,Temperate,Africa,19.6854,1.4882,0.0866
1978,Temperate,Antarctica,-2.3089,2.4097,-0.2276
1978,Temperate,Asia,5.0721,2.2669,-0.0549
1978,Temperate,Australia-Oceania,16.2672,2.1859,-0.0123
1978,Temperate,Europe,7.0465,2.3118,-0.2495
1978,Temperate,North America,6.94,2.6304,0.154
1978,Temperate,Ocean / Unclassified,11.5481,2.9026,-0.0566
1978,Temperate,South America,12.8896,2.3302,0.085
1978,Tropical,Africa,26.4614,2.248,0.0149
1978,Tropical,Asia,26.9924,5.4063,0.1529
1978,Tropical,Australia-Oceania,26.7371,5.4422,-0.0973
1978,Tropical,North America,24.828,2.9812,-0.4519
1978,Tropical,Ocean / Unclassified,25.9735,4.4885,0.1523
1978,Tropical,South America,25.5407,3.8533,-0.3346
1979,Polar,Antarctica,-31.5209,0.7505,-0.0286
1979,Polar,Asia,-16.7712,0.827,-0.2837
1979,Polar,Europe,-5.6709,1.6379,-0.4841
1979,Polar,North America,-17.4588,0.7947,-0.0371
1979,Polar,Ocean / Unclassified,-17.9605,0.5841,0.7112
1979,Temperate,Africa,19.724,1.5859,0.0691
1979,Temperate,Antarctica,-2.4922,2.3986,0.1479
1979,Temperate,Asia,4.5583,2.3522,-0.0152
1979,Temperate,Australia-Oceania,16.4613,2.1439,-0.0815
1979,Temperate,Europe,6.9659,2.3087,-0.3381
1979,Temperate,North America,6.6875,2.5982,-0.0384
1979,Temperate,Ocean / Unclassified,11.5705,2.9861,-0.0971
1979,Temperate,South America,12.6684,2.4489,0.1859
1979,Tropical,Africa,26.3208,1.964,0.0802
1979,Tropical,Asia,26.9341,4.8881,-0.1041
1979,Tropical,Australia-Oceania,26.3432,5.7354,0.2308
1979,Tropical,North America,24.7774,3.1001,0.0745
1979,Tropical,Ocean / Unclassified,26.0936,4.4531,0.0053
1979,Tropical,South America,25.5987,3.8717,-0.3666
1980,Polar,Antarctica,-31.3767,0.78,0.6362
1980,Polar,Asia,-16.1969,0.8768,0.1711
1980,Polar,Europe,-4.3614,1.7227,-0.4066
1980,Polar,North America,-17.9461,0.7805,-0.3898
1980,Polar,Ocean / Unclassified,-18.6556,0.6013,0.5019
1980,Temperate,Africa,19.9056,1.7158,0.4487
1980,Temperate,Antarctica,-2.593,2.4073,-0.1046
1980,Temperate,Asia,5.085,2.3317,0.0662
1980,Temperate,Australia-Oceania,16.4878,2.0462,0.1546
1980,Temperate,Europe,7.7377,2.4536,0.1065
1980,Temperate,North America,6.7192,2.6053,0.0131
1980,Temperate,Ocean / Unclassified,11.6048,2.9217,-0.0394
1980,Temperate,South America,12.2052,2.6302,0.1968
1980,Tropical,Africa,26.7719,1.8827,-0.1279
1980,Tropical,Asia,27.2149,5.0665,-0.2328
1980,Tropical,Australia-Oceania,26.3631,4.8577,-0.1639
1980,Tropical,North America,24.8018,2.5943,-0.0392
1980,Tropical,Ocean / Unclassified,26.6178,5.1577,0.0432
1980,Tropical,South America,26.5537,3.7511,-0.4803
1981,Polar,Antarctica,-31.8318,0.7632,0.0056
1981,Polar,Asia,-17.3054,0.8728,0.3081
1981,Polar,Europe,-5.6086,1.7635,0.034
1981,Polar,North America,-16.4999,0.8253,0.052
1981,Polar,Ocean / Unclassified,-18.8196,0.5327,-0.0466
1981,Temperate,Africa,20.0778,1.5313,0.451
1981,Temperate,Antarctica,-2.593,2.4284,0.3591
1981,Temperate,Asia,5.271,2.4827,0.2643
1981,Temperate,Australia-Oceania,16.6232,2.1983,0.0715
1981,Temperate,Europe,7.9328,2.3778,0.6009
1981,Temperate,North America,7.1293,2.5248,-0.1408
1981,Temperate,Ocean / Unclassified,11.4802,2.9507,0.1151
1981,Temperate,South America,12.6662,2.3749,0.0015
1981,Tropical,Africa,26.961,2.0513,-0.2885
1981,Tropical,Asia,27.197,5.2437,-0.0848
1981,Tropical,Australia-Oceania,26.4183,4.8065,-0.4245
1981,Tropical,North America,24.6263,2.7913,-0.4746
1981,Tropical,Ocean / Unclassified,26.2764,4.756,0.2279
1981,Tropical,South America,25.8113,4.3853,-0.3177
1982,Polar,Antarctica,-32.816,0.719,-0.3662
1982,Polar,Asia,-15.8481,0.9363,0.5906
1982,Polar,Europe,-3.6679,2.0393,1.1337
1982,Polar,North America,-18.2521,0.8278,0.1537
1982,Polar,Ocean / Unclassified,-18.4794,0.6082,0.2309
1982,Temperate,Africa,19.6391,1.4887,-0.0683
1982,Temperate,Antarctica,-2.5274,2.5485,0.5173
1982,Temperate,Asia,5.6193,2.3048,0.2047
1982,Temperate,Australia-Oceania,16.2285,2.4013,0.2975
1982,Temperate,Europe,7.7812,2.1301,-0.5436
1982,Temperate,North America,6.8649,2.6109,-0.0164
1982,Temperate,Ocean / Unclassified,11.6763,2.933,-0.0278
1982,Temperate,South America,12.7345,2.2613,-0.1016
1982,Tropical,Africa,26.1684,1.9422,-0.3468
1982,Tropical,Asia,26.6908,5.2948,0.4714
1982,Tropical,Australia-Oceania,26.2249,5.1395,0.0557
1982,Tropical,North America,24.7234,3.5987,0.4519
1982,Tropical,Ocean / Unclassified,25.3547,4.2711,-0.0294
1982,Tropical,South America,24.6433,4.4417,0.6458
1983,Polar,Antarctica,-31.2219,0.7236,-0.2287
1983,Polar,Asia,-15.4166,0.8362,0.2163
1983,Polar,Europe,-4.0614,1.5339,0.1964
1983,Polar,North America,-18.0792,0.7428,-0.3988
1983,Polar,Ocean / Unclassified,-18.1002,0.544,0.1388
1983,Temperate,Africa,19.332,1.4553,-0.0223
1983,Temperate,Antarctica,-2.2256,2.4547,0.6168
1983,Temperate,Asia,4.883,2.2571,-0.1135
1983,Temperate,Australia-Oceania,16.0973,2.1545,0.3993
1983,Temperate,Europe,6.967,2.2293,-0.9139
1983,Temperate,North America,6.4553,2.6947,0.0706
1983,Temperate,Ocean / Unclassified,11.6723,3.0295,-0.0711
1983,Temperate,South America,12.5465,2.5376,0.1017
1983,Tropical,Africa,25.7529,2.1752,-0.2515
1983,Tropical,Asia,26.3224,5.5168,0.0894
1983,Tropical,Australia-Oceania,25.9691,5.4494,0.362
1983,Tropical,North America,24.7527,3.6671,0.5332
1983,Tropical,Ocean / Unclassified,25.4735,3.837,-0.1005
1983,Tropical,South America,24.6309,4.0241,0.3247
1984,Polar,Antarctica,-31.4571,0.7563,0.0667
1984,Polar,Asia,-17.0387,0.7655,-0.5873
1984,Polar,Europe,-6.1489,1.8255,-0.6592
1984,Polar,North America,-17.8223,0.7366,-0.9154
1984,Polar,Ocean / Unclassified,-18.7805,0.5149,-0.7511
1984,Temperate,Africa,19.5313,1.7368,0.3821
1984,Temperate,Antarctica,-2.5706,2.3711,0.1186
1984,Temperate,Asia,4.551,2.3429,-0.026
1984,Temperate,Australia-Oceania,16.3491,2.0893,-0.2422
1984,Temperate,Europe,7.5344,2.3091,-0.1444
1984,Temperate,North America,6.7304,2.695,0.1568
1984,Temperate,Ocean / Unclassified,11.6034,2.9522,0.1385
1984,Temperate,South America,12.1634,2.4559,0.2357
1984,Tropical,Africa,26.6136,2.1025,-0.0567
1984,Tropical,Asia,26.8655,4.3749,-0.3718
1984,Tropical,Australia-Oceania,26.2204,5.0821,-0.0543
1984,Tropical,North America,24.5549,2.2853,0.1088
1984,Tropical,Ocean / Unclassified,26.4434,5.0705,-0.2283
1984,Tropical,South America,25.8564,4.0239,-0.0921
1985,Polar,Antarctica,-32.2812,0.7238,0.0337
1985,Polar,Asia,-17.7716,0.8427,-0.3188
1985,Polar,Europe,-6.8039,1.6274,0.0487
1985,Polar,North America,-16.4646,0.7813,-0.182
1985,Polar,Ocean / Unclassified,-19.1724,0.572,-0.1475
1985,Temperate,Africa,19.7559,1.4646,0.4023
1985,Temperate,Antarctica,-2.3908,2.4238,-0.084
1985,Temperate,Asia,5.1595,2.4283,0.2173
1985,Temperate,Australia-Oceania,16.5944,2.1842,0.1473
1985,Temperate,Europe,7.0009,2.4204,0.2416
1985,Temperate,North America,6.7733,2.6101,0.0221
1985,Temperate,Ocean / Unclassified,11.5108,2.9152,0.1694
1985,Temperate,South America,12.5101,2.2839,-0.2379
1985,Tropical,Africa,26.896,2.0763,0.1327
1985,Tropical,Asia,27.3021,5.2549,-0.3924
1985,Tropical,Australia-Oceania,26.5522,4.8409,-0.3869
1985,Tropical,North America,24.5163,2.4848,-0.8927
1985,Tropical,Ocean / Unclassified,26.2066,4.8,0.1694
1985,Tropical,South America,25.9384,4.2447,-0.206
1986,Polar,Antarctica,-32.4893,0.7023,-0.4906
1986,Polar,Asia,-17.0213,0.8532,0.037
1986,Polar,Europe,-6.5265,1.7291,-0.6273
1986,Polar,North America,-17.8622,0.7171,-0.4672
1986,Polar,Ocean / Unclassified,-18.7867,0.5348,0.5834
1986,Temperate,Africa,19.8594,1.4172,-0.465
1986,Temperate,Antarctica,-2.3407,2.4626,0.3111
1986,Temperate,Asia,4.8019,2.3028,0.0465
1986,Temperate,Australia-Oceania,16.5453,2.2537,0.0644
1986,Temperate,Europe,7.5902,2.2393,-0.2356
1986,Temperate,North America,6.9953,2.5547,-0.0197
1986,Temperate,Ocean / Unclassified,11.4635,2.9613,0.0909
1986,Temperate,South America,12.8477,2.3943,-0.1298
1986,Tropical,Africa,26.08,2.2898,0.1181
1986,Tropical,Asia,26.7403,5.737,0.4902
1986,Tropical,Australia-Oceania,26.3764,5.3141,0.1032
1986,Tropical,North America,24.6369,3.3205,-0.0364
1986,Tropical,Ocean / Unclassified,25.555,4.0801,-0.142
1986,Tropical,South America,24.9975,3.9725,0.0363
1987,Polar,Antarctica,-31.4488,0.7485,-0.213
1987,Polar,Asia,-15.3475,0.8513,-0.1394
1987,Polar,Europe,-5.7662,1.7387,-0.2517
1987,Polar,North America,-17.5786,0.7241,-0.9411
1987,Polar,Ocean / Unclassified,-18.1961,0.5181,-0.761
1987,Temperate,Africa,19.6252,1.5538,-0.1084
1987,Temperate,Antarctica,-2.4745,2.3045,0.158
1987,Temperate,Asia,5.1433,2.2861,-0.0153
1987,Temperate,Australia-Oceania,16.117,2.1521,0.0489
1987,Temperate,Europe,7.4062,2.3667,0.0207
1987,Temperate,North America,6.5385,2.6677,-0.0219
1987,Temperate,Ocean / Unclassified,11.5611,3.0103,-0.0388
1987,Temperate,South America,12.605,2.5021,0.2199
1987,Tropical,Africa,26.2096,2.1995,0.0542
1987,Tropical,Asia,26.7012,5.1911,0.1941
1987,Tropical,Australia-Oceania,26.2451,5.5674,0.2191
1987,Tropical,North America,24.905,3.401,0.2871
1987,Tropical,Ocean / Unclassified,26.0767,4.1829,-0.1923
1987,Tropical,South America,25.5619,3.728,-0.1694
1988,Polar,Antarctica,-31.7885,0.7912,0.2925
1988,Polar,Asia,-15.5273,0.7724,-0.0811
1988,Polar,Europe,-6.0591,1.5334,-0.2269
1988,Polar,North America,-16.5322,0.7406,-0.5836
1988,Polar,Ocean / Unclassified,-17.8605,0.5393,-0.2785
1988,Temperate,Africa,19.8995,1.4619,0.0348
1988,Temperate,Antarctica,-2.1551,2.4025,-0.4134
1988,Temperate,Asia,4.6288,2.3295,-0.0391
1988,Temperate,Australia-Oceania,16.4262,2.0734,-0.1013
1988,Temperate,Europe,7.7565,2.4906,0.1948
1988,Temperate,North America,7.0172,2.6404,0.0261
1988,Temperate,Ocean / Unclassified,11.628,2.9557,0.1706
1988,Temperate,South America,12.7183,2.5007,0.3838
1988,Tropical,Africa,26.871,2.0633,-0.0312
1988,Tropical,Asia,27.2208,5.0158,-0.344
1988,Tropical,Australia-Oceania,26.586,5.404,-0.1228
1988,Tropical,North America,24.6865,2.0593,-0.4321
1988,Tropical,Ocean / Unclassified,26.4793,4.8265,-0.0947
1988,Tropical,South America,26.2855,3.8705,-0.6155
1989,Polar,Antarctica,-31.5351,0.7451,0.4919
1989,Polar,Asia,-16.6805,0.8483,-0.3076
1989,Polar,Europe,-6.299,1.634,-0.9758
1989,Polar,North America,-16.5905,0.8565,-0.0214
1989,Polar,Ocean / Unclassified,-18.0788,0.5664,0.0337
1989,Temperate,Africa,20.0001,1.3895,-0.3503
1989,Temperate,Antarctica,-2.3982,2.5032,0.4219
1989,Temperate,Asia,5.049,2.3632,-0.0949
1989,Temperate,Australia-Oceania,16.6704,2.1512,-0.0632
1989,Temperate,Europe,7.385,2.282,0.3721
1989,Temperate,North America,6.9797,2.5784,-0.1113
1989,Temperate,Ocean / Unclassified,11.6228,2.9456,-0.0295
1989,Temperate,South America,12.6649,2.3127,-0.159
1989,Tropical,Africa,26.7946,1.9691,-0.4333
1989,Tropical,Asia,27.2519,5.3291,0.048
1989,Tropical,Australia-Oceania,26.6782,5.4816,0.0239
1989,Tropical,North America,24.8278,2.8469,-0.6295
1989,Tropical,Ocean / Unclassified,26.1347,4.4916,-0.03
1989,Tropical,South America,25.5886,4.3002,-0.2577
1990,Polar,Antarctica,-31.8,0.7168,-0.3431
1990,Polar,Asia,-15.2046,0.8723,-0.0904
1990,Polar,Europe,-5.389,1.5821,-0.6151
1990,Polar,North America,-18.175,0.7968,0.4998
1990,Polar,Ocean / Unclassified,-18.5718,0.5478,-0.008
1990,Temperate,Africa,19.6962,1.4326,-0.444
1990,Temperate,Antarctica,-2.5111,2.4325,0.2869
1990,Temperate,Asia,5.3763,2.3485,0.1626
1990,Temperate,Australia-Oceania,16.7997,2.0501,-0.1656
1990,Temperate,Europe,7.6026,2.3146,-0.3256
1990,Temperate,North America,6.6371,2.5614,-0.0182
1990,Temperate,Ocean / Unclassified,11.6554,2.9553,0.0134
1990,Temperate,South America,12.7716,2.3486,-0.3262
1990,Tropical,Africa,26.4888,2.3712,0.1079
1990,Tropical,Asia,26.9486,5.3293,0.1157
1990,Tropical,Australia-Oceania,26.6137,5.3935,0.1546
1990,Tropical,North America,25.0068,3.608,0.2912
1990,Tropical,Ocean / Unclassified,25.9151,4.1645,-0.0532
1990,Tropical,South America,25.3566,4.079,0.271
1991,Polar,Antarctica,-31.6629,0.7837,0.0538
1991,Polar,Asia,-15.0216,0.8618,0.1199
1991,Polar,Europe,-5.0061,1.7418,-0.331
1991,Polar,North America,-17.6699,0.7655,0.0148
1991,Polar,Ocean / Unclassified,-17.4006,0.5634,0.2072
1991,Temperate,Africa,19.6102,1.3774,-0.2696
1991,Temperate,Antarctica,-2.1531,2.5376,0.5407
1991,Temperate,Asia,5.3847,2.3314,0.0625
1991,Temperate,Australia-Oceania,16.3476,2.2218,-0.1805
1991,Temperate,Europe,7.8407,2.2995,-0.1586
1991,Temperate,North America,6.9505,2.6568,0.0888
1991,Temperate,Ocean / Unclassified,11.6611,2.9027,-0.0893
1991,Temperate,South America,12.7626,2.2818,0.1018
1991,Tropical,Africa,26.3366,2.1,0.1596
1991,Tropical,Asia,26.845,5.4266,0.0938
1991,Tropical,Australia-Oceania,26.441,5.5095,0.1896
1991,Tropical,North America,24.9497,3.8784,0.7104
1991,Tropical,Ocean / Unclassified,25.7845,4.1415,-0.1099
1991,Tropical,South America,24.8074,4.1048,-0.0168
1992,Polar,Antarctica,-31.393,0.7715,0.2544
1992,Polar,Asia,-14.5366,0.8613,0.1471
1992,Polar,Europe,-4.3752,1.6698,-0.2105
1992,Polar,North America,-17.7869,0.779,-0.4236
1992,Polar,Ocean / Unclassified,-17.9686,0.5352,-0.2312
1992,Temperate,Africa,19.4871,1.5326,-0.1333
1992,Temperate,Antarctica,-2.079,2.4069,0.5936
1992,Temperate,Asia,5.2427,2.2001,-0.008
1992,Temperate,Australia-Oceania,16.1119,2.0726,0.0893
1992,Temperate,Europe,8.6018,2.4211,-0.0008
1992,Temperate,North America,6.6463,2.7702,0.1789
1992,Temperate,Ocean / Unclassified,11.6552,2.9713,-0.2552
1992,Temperate,South America,12.5185,2.4726,-0.085
1992,Tropical,Africa,26.0693,2.0371,-0.1565
1992,Tropical,Asia,26.4739,5.2828,0.144
1992,Tropical,Australia-Oceania,26.1038,5.5102,0.1201
1992,Tropical,North America,24.7591,2.873,0.354
1992,Tropical,Ocean / Unclassified,25.9683,4.2431,-0.1619
1992,Tropical,South America,25.354,3.5713,-0.324
1993,Polar,Antarctica,-30.7712,0.7707,0.332
1993,Polar,Asia,-16.8476,0.7798,-0.2344
1993,Polar,Europe,-8.1693,1.8003,-0.2095
1993,Polar,North America,-17.3214,0.8316,0.1632
1993,Polar,Ocean / Unclassified,-19.6233,0.5257,-0.4581
1993,Temperate,Africa,19.8994,1.6227,0.3492
1993,Temperate,Antarctica,-1.7595,2.2677,-0.5436
1993,Temperate,Asia,5.474,2.3362,-0.0213
1993,Temperate,Australia-Oceania,16.3828,2.2031,-0.2094
1993,Temperate,Europe,7.3151,2.4844,0.54
1993,Temperate,North America,7.1249,2.6875,0.2498
1993,Temperate,Ocean / Unclassified,11.5548,2.9221,0.0465
1993,Temperate,South America,12.5848,2.5777,0.4594
1993,Tropical,Africa,26.7671,1.7838,-0.3435
1993,Tropical,Asia,27.0538,4.6651,-0.2871
1993,Tropical,Australia-Oceania,26.5356,4.79,-0.4502
1993,Tropical,North America,24.861,2.5834,-0.5057
1993,Tropical,Ocean / Unclassified,26.6158,5.1772,0.0341
1993,Tropical,South America,26.3351,3.8389,-0.5715
1994,Polar,Antarctica,-30.9996,0.7726,0.32
1994,Polar,Asia,-14.9531,0.9346,-0.276
1994,Polar,Europe,-6.7949,1.8982,0.2747
1994,Polar,North America,-18.1856,0.7655,0.1387
1994,Polar,Ocean / Unclassified,-19.0827,0.5055,-0.5898
1994,Temperate,Africa,19.8854,1.4543,-0.0197
1994,Temperate,Antarctica,-2.0334,2.4966,-0.1001
1994,Temperate,Asia,5.8486,2.3653,0.226
1994,Temperate,Australia-Oceania,16.4489,2.2411,0.3887
1994,Temperate,Europe,7.3966,2.3566,0.4717
1994,Temperate,North America,6.9968,2.5963,0.0587
1994,Temperate,Ocean / Unclassified,11.6762,2.9065,-0.0212
1994,Temperate,South America,12.8314,2.4246,0.3163
1994,Tropical,Africa,26.8785,2.2443,-0.1697
1994,Tropical,Asia,27.3992,5.2111,-0.3309
1994,Tropical,Australia-Oceania,26.724,4.9582,-0.3813
1994,Tropical,North America,24.7431,2.7581,-0.3719
1994,Tropical,Ocean / Unclassified,26.3055,4.6679,0.2221
1994,Tropical,South America,26.1577,4.1737,-0.5164
1995,Polar,Antarctica,-32.1515,0.7646,0.2717
1995,Polar,Asia,-16.0497,0.9309,0.9476
1995,Polar,Europe,-5.2672,1.8339,0.8975
1995,Polar,North America,-18.4758,0.8254,-0.1032
1995,Polar,Ocean / Unclassified,-18.4781,0.6004,-0.0341
1995,Temperate,Africa,19.8946,1.4001,-0.3685
1995,Temperate,Antarctica,-2.1407,2.4643,0.6978
1995,Temperate,Asia,5.7277,2.2879,-0.0525
1995,Temperate,Australia-Oceania,16.5344,2.4427,0.4324
1995,Temperate,Europe,7.7283,2.242,-0.5015
1995,Temperate,North America,6.5809,2.6159,0.0058
1995,Temperate,Ocean / Unclassified,11.6485,2.9369,-0.024
1995,Temperate,South America,12.6918,2.0237,-0.4779
1995,Tropical,Africa,26.2817,2.2443,0.4589
1995,Tropical,Asia,26.8435,5.5574,0.4538
1995,Tropical,Australia-Oceania,26.5242,5.3799,0.2256
1995,Tropical,North America,25.1026,3.3271,0.324
1995,Tropical,Ocean / Unclassified,25.6833,4.124,-0.1429
1995,Tropical,South America,25.1685,3.9958,0.1752
1996,Polar,Antarctica,-31.3647,0.7911,0.1225
1996,Polar,Asia,-17.1,0.8811,0.821
1996,Polar,Europe,-5.4716,1.5055,-0.1653
1996,Polar,North America,-17.7903,0.8861,0.4435
1996,Polar,Ocean / Unclassified,-19.0642,0.543,0.5662
1996,Temperate,Africa,20.1875,1.4446,-0.4512
1996,Temperate,Antarctica,-2.0693,2.3958,0.4079
1996,Temperate,Asia,5.6311,2.2297,-0.0873
1996,Temperate,Australia-Oceania,16.6616,2.0047,0.0933
1996,Temperate,Europe,8.3273,2.5121,0.1378
1996,Temperate,North America,7.0424,2.6629,0.057
1996,Temperate,Ocean / Unclassified,11.7117,2.9786,-0.1019
1996,Temperate,South America,12.514,2.5345,-0.2603
1996,Tropical,Africa,26.4141,2.2473,0.4407
1996,Tropical,Asia,26.9024,5.1138,0.1408
1996,Tropical,Australia-Oceania,26.3862,5.3452,0.269
1996,Tropical,North America,25.0812,3.3494,0.33
1996,Tropical,Ocean / Unclassified,26.3221,4.4637,-0.1586
1996,Tropical,South America,25.7938,3.6847,-0.4066
1997,Polar,Antarctica,-30.7759,0.7846,0.3945
1997,Polar,Asia,-16.109,0.8873,0.2224
1997,Polar,Europe,-5.6324,1.7501,-0.8702
1997,Polar,North America,-16.7955,0.8891,1.2007
1997,Polar,Ocean / Unclassified,-18.4333,0.6086,0.3903
1997,Temperate,Africa,20.3457,1.5943,0.0396
1997,Temperate,Antarctica,-2.0868,2.4328,0.1436
1997,Temperate,Asia,6.1628,2.4417,0.3924
1997,Temperate,Australia-Oceania,16.6233,2.0298,-0.284
1997,Temperate,Europe,8.5441,2.4609,0.6816
1997,Temperate,North America,7.5284,2.6141,-0.0009
1997,Temperate,Ocean / Unclassified,11.771,2.9444,0.1572
1997,Temperate,South America,12.6074,2.6245,0.438
1997,Tropical,Africa,27.4334,1.9427,-0.0545
1997,Tropical,Asia,27.4762,4.8335,-0.3591
1997,Tropical,Australia-Oceania,26.8609,5.0627,-0.4498
1997,Tropical,North America,24.933,2.524,-0.0277
1997,Tropical,Ocean / Unclassified,26.8895,5.1538,0.0552
1997,Tropical,South America,27.1818,3.4741,-1.0048
1998,Polar,Antarctica,-30.3963,0.7439,0.6266
1998,Polar,Asia,-15.7612,0.9229,0.4555
1998,Polar,Europe,-5.8387,1.9371,0.2766
1998,Polar,North America,-18.3752,0.8585,0.8109
1998,Polar,Ocean / Unclassified,-19.1516,0.565,1.0646
1998,Temperate,Africa,20.1452,1.437,0.0001
1998,Temperate,Antarctica,-2.2007,2.4632,0.302
1998,Temperate,Asia,6.024,2.4,0.5256
1998,Temperate,Australia-Oceania,17.0249,2.2751,0.0876
1998,Temperate,Europe,8.7306,2.3536,0.3332
1998,Temperate,North America,7.4478,2.5798,-0.0225
1998,Temperate,Ocean / Unclassified,11.8001,2.9599,0.0721
1998,Temperate,South America,12.7317,2.3953,0.2512
1998,Tropical,Africa,26.9882,2.0935,-0.1616
1998,Tropical,Asia,27.4075,5.2544,-0.0777
1998,Tropical,Australia-Oceania,26.8511,5.2858,-0.0407
1998,Tropical,North America,24.9979,2.7478,-0.4639
1998,Tropical,Ocean / Unclassified,26.1959,4.683,0.1321
1998,Tropical,South America,26.0959,3.7493,-1.0113
1999,Polar,Antarctica,-31.3882,0.761,0.2401
1999,Polar,Asia,-14.2121,0.9358,0.7038
1999,Polar,Europe,-5.9589,1.7546,0.8754
1999,Polar,North America,-17.1587,0.8004,0.4029
1999,Polar,Ocean / Unclassified,-17.3701,0.6002,0.5753
1999,Temperate,Africa,20.0433,1.4616,-0.2068
1999,Temperate,Antarctica,-2.1932,2.4492,0.2804
1999,Temperate,Asia,6.1668,2.2284,0.0903
1999,Temperate,Australia-Oceania,16.5866,2.11,0.1326
1999,Temperate,Europe,7.7767,2.2879,-0.1919
1999,Temperate,North America,7.3132,2.7218,0.1368
1999,Temperate,Ocean / Unclassified,11.8249,3.0156,0.0156
1999,Temperate,South America,12.87,2.3757,0.1681
1999,Tropical,Africa,26.2945,2.5159,0.3387
1999,Tropical,Asia,26.8722,5.9049,0.5457
1999,Tropical,Australia-Oceania,26.6028,5.2842,0.257
1999,Tropical,North America,25.0858,3.4011,0.1833
1999,Tropical,Ocean / Unclassified,25.7928,3.7782,-0.1585
1999,Tropical,South America,25.334,3.8987,-0.0119
2000,Polar,Antarctica,-31.1404,0.7821,0.4193
2000,Polar,Asia,-14.9819,0.8409,0.3738
2000,Polar,Europe,-4.2151,1.6479,-0.605
2000,Polar,North America,-16.5459,0.7399,-0.1335
2000,Polar,Ocean / Unclassified,-17.57,0.5249,-0.1141
2000,Temperate,Africa,19.8495,1.5529,0.1549
2000,Temperate,Antarctica,-2.2105,2.4943,0.479
2000,Temperate,Asia,5.6803,2.265,-0.0128
2000,Temperate,Australia-Oceania,16.6467,2.1019,-0.3286
2000,Temperate,Europe,8.0782,2.5144,0.2389
2000,Temperate,North America,7.2665,2.6856,0.3048
2000,Temperate,Ocean / Unclassified,11.873,3.0137,0.1124
2000,Temperate,South America,12.8616,2.3083,-0.1434
2000,Tropical,Africa,26.5619,2.2021,0.5988
2000,Tropical,Asia,27.0705,5.206,0.2123
2000,Tropical,Australia-Oceania,26.7121,5.8304,0.325
2000,Tropical,North America,24.9886,3.2495,0.5814
2000,Tropical,Ocean / Unclassified,26.2725,4.2371,-0.2539
2000,Tropical,South America,25.7889,3.7212,-0.4206
2001,Polar,Antarctica,-30.6391,0.8005,0.8275
2001,Polar,Asia,-15.19,0.9174,0.1218
2001,Polar,Europe,-4.2095,2.0499,0.8597
2001,Polar,North America,-16.9245,0.8627,-0.0104
2001,Polar,Ocean / Unclassified,-17.7604,0.5589,-0.52
2001,Temperate,Africa,20.2544,1.6776,0.3555
2001,Temperate,Antarctica,-2.1493,2.3629,0.1933
2001,Temperate,Asia,5.9211,2.3464,0.1139
2001,Temperate,Australia-Oceania,16.8241,2.1015,-0.1361
2001,Temperate,Europe,8.5406,2.36,0.3535
2001,Temperate,North America,7.4917,2.7274,0.2687
2001,Temperate,Ocean / Unclassified,11.7937,2.9468,0.1055
2001,Temperate,South America,12.3408,2.6636,0.0154
2001,Tropical,Africa,27.1753,1.9423,0.0486
2001,Tropical,Asia,27.4666,4.7743,-0.3327
2001,Tropical,Australia-Oceania,26.6379,5.204,-0.0706
2001,Tropical,North America,25.26,2.5134,-0.1897
2001,Tropical,Ocean / Unclassified,26.8107,5.1331,-0.0285
2001,Tropical,South America,26.8599,3.572,-0.9125
2002,Polar,Antarctica,-31.6131,0.7798,0.1148
2002,Polar,Asia,-15.8516,0.923,0.4946
2002,Polar,Europe,-3.6844,1.793,1.0033
2002,Polar,North America,-16.1708,0.782,0.1392
2002,Polar,Ocean / Unclassified,-17.8667,0.5836,0.0447
2002,Temperate,Africa,20.524,1.5358,0.2867
2002,Temperate,Antarctica,-2.2306,2.4814,0.0788
2002,Temperate,Asia,5.7244,2.4289,0.3459
2002,Temperate,Australia-Oceania,17.0997,2.2226,0.039
2002,Temperate,Europe,8.2255,2.4961,0.4567
2002,Temperate,North America,7.2563,2.614,0.0968
2002,Temperate,Ocean / Unclassified,11.7528,2.9088,0.089
2002,Temperate,South America,12.9397,2.3862,0.3006
2002,Tropical,Africa,27.4327,2.2263,0.1098
2002,Tropical,Asia,27.6742,4.9786,-0.4087
2002,Tropical,Australia-Oceania,27.101,5.0816,-0.3013
2002,Tropical,North America,25.0803,2.5748,-0.5977
2002,Tropical,Ocean / Unclassified,26.7343,4.8591,0.1056
2002,Tropical,South America,26.6788,4.0994,-0.6174
2003,Polar,Antarctica,-31.8393,0.744,0.1862
2003,Polar,Asia,-15.2113,0.8699,0.7243
2003,Polar,Europe,-4.7432,1.9131,0.6248
2003,Polar,North America,-15.9328,0.8275,0.2703
2003,Polar,Ocean / Unclassified,-17.3891,0.55,0.4184
2003,Temperate,Africa,20.2398,1.3522,-0.2633
2003,Temperate,Antarctica,-2.0958,2.5973,0.8714
2003,Temperate,Asia,5.666,2.4028,0.1017
2003,Temperate,Australia-Oceania,16.8213,2.2938,0.1068
2003,Temperate,Europe,8.0334,2.3761,-0.0366
2003,Temperate,North America,7.7102,2.5323,-0.0213
2003,Temperate,Ocean / Unclassified,11.845,2.9589,-0.0318
2003,Temperate,South America,13.2617,2.2346,-0.3108
2003,Tropical,Africa,26.4284,2.2648,0.2925
2003,Tropical,Asia,27.0861,5.3951,0.226
2003,Tropical,Australia-Oceania,26.6569,5.3947,0.1719
2003,Tropical,North America,24.9251,3.3677,0.1444
2003,Tropical,Ocean / Unclassified,25.7274,4.3454,-0.0016
2003,Tropical,South America,25.3938,3.9122,-0.0136
2004,Polar,Antarctica,-31.2483,0.7942,0.6364
2004,Polar,Asia,-14.0049,0.952,0.5213
2004,Polar,Europe,-2.4265,1.7669,0.3697
2004,Polar,North America,-16.5092,0.8598,0.3336
2004,Polar,Ocean / Unclassified,-16.022,0.638,0.658
2004,Temperate,Africa,20.1654,1.376,-0.621
2004,Temperate,Antarctica,-2.3086,2.4594,0.7873
2004,Temperate,Asia,5.8742,2.3855,0.2914
2004,Temperate,Australia-Oceania,16.7105,2.238,0.2263
2004,Temperate,Europe,8.6823,2.2418,-0.0885
2004,Temperate,North America,7.2171,2.5926,-0.06
2004,Temperate,Ocean / Unclassified,11.9038,2.9332,-0.1199
2004,Temperate,South America,12.9698,2.2455,-0.214
2004,Tropical,Africa,26.3872,2.073,0.1436
2004,Tropical,Asia,26.8597,5.6314,0.349
2004,Tropical,Australia-Oceania,26.3902,5.5307,0.6509
2004,Tropical,North America,24.8319,3.4761,0.5092
2004,Tropical,Ocean / Unclassified,25.7583,4.0866,-0.0399
2004,Tropical,South America,24.9134,4.3601,0.2224
2005,Polar,Antarctica,-30.4493,0.7502,0.3812
2005,Polar,Asia,-14.1179,0.9354,0.9003
2005,Polar,Europe,-3.0031,1.9635,0.8742
2005,Polar,North America,-17.5904,0.7979,0.0874
2005,Polar,Ocean / Unclassified,-17.2283,0.6674,0.752
2005,Temperate,Africa,19.9363,1.5579,-0.1491
2005,Temperate,Antarctica,-1.8282,2.3461,0.0416
2005,Temperate,Asia,5.5533,2.2728,0.086
2005,Temperate,Australia-Oceania,16.434,2.1685,0.1051
2005,Temperate,Europe,8.3884,2.2191,-0.3061
2005,Temperate,North America,7.2226,2.7149,0.1125
2005,Temperate,Ocean / Unclassified,11.932,3.0629,0.1398
2005,Temperate,South America,12.4475,2.4122,-0.0318
2005,Tropical,Africa,26.5223,2.232,0.1297
2005,Tropical,Asia,27.0102,5.0585,0.1177
2005,Tropical,Australia-Oceania,26.4704,5.5043,0.3648
2005,Tropical,North America,25.2286,3.462,0.444
2005,Tropical,Ocean / Unclassified,26.239,4.3018,-0.1303
2005,Tropical,South America,25.5526,3.7411,-0.1476
2006,Polar,Antarctica,-30.7154,0.7862,0.3011
2006,Polar,Asia,-15.3958,0.9139,0.6796
2006,Polar,Europe,-3.5191,1.7411,0.692
2006,Polar,North America,-14.6918,0.8286,-0.0067
2006,Polar,Ocean / Unclassified,-16.5925,0.62,1.3706
2006,Temperate,Africa,20.2732,1.5772,0.2212
2006,Temperate,Antarctica,-1.6454,2.405,-0.1821
2006,Temperate,Asia,5.3005,2.3994,0.1651
2006,Temperate,Australia-Oceania,16.5314,1.9982,-0.2433
2006,Temperate,Europe,8.2382,2.5699,0.2046
2006,Temperate,North America,7.8466,2.5672,0.108
2006,Temperate,Ocean / Unclassified,11.7946,3.0067,0.3714
2006,Temperate,South America,12.9856,2.4198,-0.0542
2006,Tropical,Africa,27.4833,1.9945,-0.1814
2006,Tropical,Asia,27.5098,5.2193,-0.2186
2006,Tropical,Australia-Oceania,26.9333,5.1899,-0.3529
2006,Tropical,North America,24.9718,2.6358,-0.0566
2006,Tropical,Ocean / Unclassified,26.7989,4.8382,0.0093
2006,Tropical,South America,26.7682,3.8839,-0.6246
2007,Polar,Antarctica,-31.015,0.7688,0.6183
2007,Polar,Asia,-14.7107,0.8441,0.4834
2007,Polar,Europe,-4.8472,1.7201,-0.266
2007,Polar,North America,-16.2602,0.7984,0.0834
2007,Polar,Ocean / Unclassified,-17.002,0.5623,-0.1067
2007,Temperate,Africa,20.194,1.5339,0.1931
2007,Temperate,Antarctica,-2.0234,2.4354,-0.0039
2007,Temperate,Asia,5.8667,2.4002,0.3754
2007,Temperate,Australia-Oceania,16.5518,2.035,-0.4617
2007,Temperate,Europe,8.1273,2.4309,0.6043
2007,Temperate,North America,7.3331,2.5835,-0.0197
2007,Temperate,Ocean / Unclassified,11.7782,2.9777,0.2631
2007,Temperate,South America,12.8814,2.4533,0.2131
2007,Tropical,Africa,27.049,2.178,0.0154
2007,Tropical,Asia,27.4838,5.4025,0.0714
2007,Tropical,Australia-Oceania,26.9121,5.2735,-0.2918
2007,Tropical,North America,25.1972,2.883,-0.1806
2007,Tropical,Ocean / Unclassified,26.6925,4.5677,-0.0229
2007,Tropical,South America,26.2349,3.9533,-0.2608
2008,Polar,Antarctica,-30.6827,0.7815,0.6172
2008,Polar,Asia,-15.1676,0.849,0.1351
2008,Polar,Europe,-4.5011,1.6119,-0.1743
2008,Polar,North America,-15.6475,0.7715,-0.0466
2008,Polar,Ocean / Unclassified,-16.8396,0.565,0.1138
2008,Temperate,Africa,20.5501,1.474,-0.1894
2008,Temperate,Antarctica,-2.4688,2.3647,0.5234
2008,Temperate,Asia,5.5586,2.3804,0.3433
2008,Temperate,Australia-Oceania,16.9268,2.1856,-0.2129
2008,Temperate,Europe,8.0266,2.4384,0.3003
2008,Temperate,North America,7.6721,2.6351,-0.0433
2008,Temperate,Ocean / Unclassified,11.6889,2.9642,0.1318
2008,Temperate,South America,12.9666,2.3697,-0.0657
2008,Tropical,Africa,27.2356,1.9766,-0.19
2008,Tropical,Asia,27.4727,5.4272,0.2128
2008,Tropical,Australia-Oceania,27.0192,5.6914,0.0604
2008,Tropical,North America,25.1574,2.5794,-0.2484
2008,Tropical,Ocean / Unclassified,26.5708,4.4979,-0.0732
2008,Tropical,South America,26.2495,4.056,-0.1541
2009,Polar,Antarctica,-30.2803,0.758,0.6386
2009,Polar,Asia,-15.6105,0.788,-0.3262
2009,Polar,Europe,-5.1022,1.7648,-0.4094
2009,Polar,North America,-16.5195,0.7825,-0.1915
2009,Polar,Ocean / Unclassified,-17.9116,0.5772,-0.1068
2009,Temperate,Africa,20.1957,1.6082,0.0095
2009,Temperate,Antarctica,-1.8918,2.3716,-0.4202
2009,Temperate,Asia,5.3029,2.3741,0.2385
2009,Temperate,Australia-Oceania,16.3756,1.9738,-0.2476
2009,Temperate,Europe,8.1703,2.3201,-0.0446
2009,Temperate,North America,7.5374,2.6069,0.03
2009,Temperate,Ocean / Unclassified,11.7704,2.9956,0.2417
2009,Temperate,South America,12.8615,2.5213,0.3308
2009,Tropical,Africa,27.2154,2.147,-0.2176
2009,Tropical,Asia,27.5603,4.9516,-0.0393
2009,Tropical,Australia-Oceania,26.725,5.1018,-0.0996
2009,Tropical,North America,25.2802,2.6877,-0.3817
2009,Tropical,Ocean / Unclassified,26.8453,4.9515,-0.0624
2009,Tropical,South America,26.7708,3.67,-0.3912
2010,Polar,Antarctica,-31.1697,0.7548,0.3563
2010,Polar,Asia,-15.7063,0.871,0.0515
2010,Polar,Europe,-5.2183,1.7755,-0.032
2010,Polar,North America,-15.383,0.8965,0.4618
2010,Polar,Ocean / Unclassified,-17.5189,0.6358,0.7985
2010,Temperate,Africa,20.0824,1.5531,0.2914
2010,Temperate,Antarctica,-2.554,2.5465,0.382
2010,Temperate,Asia,6.0132,2.4825,0.5371
2010,Temperate,Australia-Oceania,16.853,2.2781,0.0871
2010,Temperate,Europe,7.6514,2.3858,0.1351
2010,Temperate,North America,7.3679,2.5331,-0.0964
2010,Temperate,Ocean / Unclassified,11.8073,2.901,0.1017
2010,Temperate,South America,13.0326,2.4868,0.2974
2010,Tropical,Africa,27.7016,1.7729,-0.2802
2010,Tropical,Asia,27.6926,5.0636,-0.3155
2010,Tropical,Australia-Oceania,27.172,4.8908,-0.522
2010,Tropical,North America,24.9664,2.5597,-0.4805
2010,Tropical,Ocean / Unclassified,26.8908,5.0284,0.209
2010,Tropical,South America,26.5313,4.4594,-0.1975
2011,Polar,Antarctica,-31.2645,0.7762,0.2917
2011,Polar,Asia,-14.6885,0.843,-0.1391
2011,Polar,Europe,-5.7358,1.7257,0.101
2011,Polar,North America,-15.9763,0.8301,0.6675
2011,Polar,Ocean / Unclassified,-17.1384,0.5732,1.3503
2011,Temperate,Africa,20.3552,1.3912,-0.1871
2011,Temperate,Antarctica,-2.3217,2.5133,0.8417
2011,Temperate,Asia,5.9126,2.3864,0.3986
2011,Temperate,Australia-Oceania,16.5315,2.181,-0.1391
2011,Temperate,Europe,8.0914,2.1846,-0.2425
2011,Temperate,North America,7.6364,2.6316,0.0636
2011,Temperate,Ocean / Unclassified,11.8154,2.9145,-0.0188
2011,Temperate,South America,13.2959,2.212,0.0173
2011,Tropical,Africa,27.1946,2.0764,-0.4665
2011,Tropical,Asia,27.5219,5.4816,0.2082
2011,Tropical,Australia-Oceania,27.099,5.4112,-0.1082
2011,Tropical,North America,25.1906,2.8107,-0.2863
2011,Tropical,Ocean / Unclassified,26.3513,4.6003,0.1964
2011,Tropical,South America,25.9107,4.0915,0.1972
2012,Polar,Antarctica,-32.435,0.7593,0.207
2012,Polar,Asia,-14.8821,0.9059,0.2468
2012,Polar,Europe,-4.4097,1.8909,-0.0883
2012,Polar,North America,-16.7344,0.802,-0.0844
2012,Polar,Ocean / Unclassified,-16.9889,0.6051,0.1525
2012,Temperate,Africa,20.5177,1.4617,-0.4635
2012,Temperate,Antarctica,-2.4974,2.4758,0.5677
2012,Temperate,Asia,5.9241,2.4009,0.2841
2012,Temperate,Australia-Oceania,16.4621,2.2486,0.3183
2012,Temperate,Europe,8.7719,2.3334,-0.2699
2012,Temperate,North America,7.2629,2.6648,0.2325
2012,Temperate,Ocean / Unclassified,11.8074,2.9091,-0.1256
2012,Temperate,South America,13.1575,2.3162,-0.2851
2012,Tropical,Africa,26.6251,2.2764,0.254
2012,Tropical,Asia,27.028,5.3716,0.3836
2012,Tropical,Australia-Oceania,26.7154,5.3412,0.2193
2012,Tropical,North America,25.2319,3.449,0.1484
2012,Tropical,Ocean / Unclassified,26.0508,4.1289,-0.0704
2012,Tropical,South America,25.5024,4.0709,0.0214
2013,Polar,Antarctica,-31.3922,0.7505,0.1662
2013,Polar,Asia,-14.5637,0.8959,0.6586
2013,Polar,Europe,-5.2384,1.8056,1.1563
2013,Polar,North America,-16.3454,0.8143,0.1472
2013,Polar,Ocean / Unclassified,-17.3032,0.5956,0.9302
2013,Temperate,Africa,20.3239,1.5081,-0.1046
2013,Temperate,Antarctica,-1.9849,2.4417,0.4489
2013,Temperate,Asia,6.2429,2.408,0.4884
2013,Temperate,Australia-Oceania,16.7624,2.0609,0.0181
2013,Temperate,Europe,8.3935,2.418,0.1098
2013,Temperate,North America,7.4506,2.7109,0.2158
2013,Temperate,Ocean / Unclassified,11.9478,3.009,0.0095
2013,Temperate,South America,12.7655,2.4694,-0.0087
2013,Tropical,Africa,26.9801,2.0057,0.0403
2013,Tropical,Asia,27.2302,4.812,-0.2757
2013,Tropical,Australia-Oceania,26.7788,5.5046,0.1986
2013,Tropical,North America,25.3565,3.1849,0.2169
2013,Tropical,Ocean / Unclassified,26.7269,4.6466,0.0169
2013,Tropical,South America,26.3651,3.7622,-0.2264
2014,Polar,Antarctica,-30.5501,0.7687,0.1488
2014,Polar,Asia,-14.456,0.9285,0.9038
2014,Polar,Europe,-4.3794,2.0704,0.8781
2014,Polar,North America,-15.4512,0.8209,0.3401
2014,Polar,Ocean / Unclassified,-16.8292,0.624,0.989
2014,Temperate,Africa,20.1443,1.6015,0.4322
2014,Temperate,Antarctica,-1.9468,2.489,0.3726
2014,Temperate,Asia,6.1306,2.4549,0.5455
2014,Temperate,Australia-Oceania,16.9477,2.2639,0.224
2014,Temperate,Europe,8.4781,2.3569,0.4152
2014,Temperate,North America,7.5111,2.587,0.0531
2014,Temperate,Ocean / Unclassified,11.9081,2.9129,0.1909
2014,Temperate,South America,12.8766,2.5299,0.3136
2014,Tropical,Africa,27.448,2.1876,-0.1412
2014,Tropical,Asia,27.6724,4.4897,-0.4996
2014,Tropical,Australia-Oceania,27.2154,5.2963,-0.2961
2014,Tropical,North America,25.0934,2.0735,-0.5713
2014,Tropical,Ocean / Unclassified,27.0895,5.2213,0.1682
2014,Tropical,South America,26.8693,4.2575,-0.1721
